id,titulo,pregunta,estado,filas,columnas,ms,error,archivo,tipo,motor,colectivo,origen,correlacion_visitas_unidades
Q01,Top 10 productos por facturacion,Cuales productos mueven mas dinero?,OK,10,7,5.0,,Q01_top_10_productos_por_facturacion.csv,SQL,sqlite,,,
Q02,Top 10 clientes por gasto,Quiennes son los clientes mas valiosos?,OK,10,8,6.0,,Q02_top_10_clientes_por_gasto.csv,SQL,sqlite,,,
Q03,Ventas mes a mes (serie temporal),Como evoluciona la facturacion?,OK,36,7,3.0,,Q03_ventas_mes_a_mes_serie_temporal.csv,SQL,sqlite,,,
Q04,Facturacion por categoria,Que mix de producto funciona?,OK,6,6,3.0,,Q04_facturacion_por_categoria.csv,SQL,sqlite,,,
Q05,Ticket promedio por canal de venta,El canal fisico o el digital convierte mejor?,OK,3,6,3.0,,Q05_ticket_promedio_por_canal_de_venta.csv,SQL,sqlite,,,
Q06,Productos en catalogo que NUNCA se vendieron,Cuanto inventario muerto hay?,OK,55,5,2.0,,Q06_productos_en_catalogo_que_nunca_se_vendieron.csv,SQL,sqlite,,,
Q07,Clientes con pedidos cancelados,Que clientesCancelan y cuanto nos cuestan?,OK,25,5,4.0,,Q07_clientes_con_pedidos_cancelados.csv,SQL,sqlite,,,
Q08,Metodos de pago mas usados y su conciliacion,Que metodo de pago y como se concilia?,OK,6,5,4.0,,Q08_metodos_de_pago_mas_usados_y_su_conciliacion.csv,SQL,sqlite,,,
Q09,Productos con mayor descuento promedio,Donde nos estamos regalando margen?,OK,20,6,4.4,,Q09_productos_con_mayor_descuento_promedio.csv,SQL,sqlite,,,
Q10,Ciudades con mas facturacion,Donde esta el dinero geografico?,OK,10,5,3.1,,Q10_ciudades_con_mas_facturacion.csv,SQL,sqlite,,,
Q11,Clientes premium vs estandar,El segmento premium vale la pena?,OK,2,6,3.0,,Q11_clientes_premium_vs_estandar.csv,SQL,sqlite,,,
Q12,Concentracion de ventas (ley de Pareto),Cuantos productos explican la mayor parte de la venta?,OK,1,3,6.0,,Q12_concentracion_de_ventas_ley_de_pareto.csv,SQL,sqlite,,,
Q13,Productos con mejor margen real,"La rentabilidad por producto, no la del catalogo?",OK,20,7,3.1,,Q13_productos_con_mejor_margen_real.csv,SQL,sqlite,,,
Q14,Pedidos con pago NO conciliado,Que pedidos tienen descuadre de dinero?,OK,25,9,2.0,,Q14_pedidos_con_pago_no_conciliado.csv,SQL,sqlite,,,
Q15,Clientes nuevos vs recurrentes,El negocio esta captando o solo repite?,OK,2,5,4.0,,Q15_clientes_nuevos_vs_recurrentes.csv,SQL,sqlite,,,
Q16,Trimestre x categoria (pivot de mix),El mix estacional cambia por trimestre?,OK,72,5,4.0,,Q16_trimestre_x_categoria_pivot_de_mix.csv,SQL,sqlite,,,
Q17,Productos de alto valor y baja rotacion,Que productos caros no rotan?,OK,25,7,4.0,,Q17_productos_de_alto_valor_y_baja_rotacion.csv,SQL,sqlite,,,
Q18,Cobertura por sucursal y estado del pedido,Como rinde cada sucursal?,OK,48,5,6.0,,Q18_cobertura_por_sucursal_y_estado_del_pedido.csv,SQL,sqlite,,,
A01,Top 10 productos mas vistos,Que productos concentran la atencion?,OK,10,4,49.8,,,NoSQL,mongodb,actividad_usuario,mongodb,
A02,Productos vistos muchas veces y NUNCA vendidos,Cual es la inversion publicitaria que no convierte?,OK,26,5,44.7,,,NoSQL,mongodb,actividad_usuario,mongodb,
A03,Productos vendidos pese a ser poco vistos,Cual es la under-exposure que nos cuesta venta?,OK,126,6,48.1,,,NoSQL,mongodb,actividad_usuario,mongodb,
A04,Distribucion de visitas por mes,Como se mueve el trafico web?,OK,35,3,48.9,,,NoSQL,mongodb,actividad_usuario,mongodb,
A05,Navegacion por categoria y dispositivo,Que dispositivo prefiere cada categoria?,OK,24,4,49.1,,,NoSQL,mongodb,actividad_usuario,mongodb,
A06,Rating promedio y dispersion por producto,Que tan bien recibidos estan los productos?,OK,25,7,31.0,,,NoSQL,mongodb,resenas,mongodb,
A07,Productos bien valorados y con muchas resenas,El juicio positivo se sostiene entre productos?,OK,20,3,36.3,,,NoSQL,mongodb,resenas,mongodb,
A08,Catalogo por subdocumento de atributos (consulta dinamica),Se puede consultar un atributo que solo existe en una familia?,OK,7,4,18.0,,,NoSQL,mongodb,productos,mongodb,
A09,Recorrido del usuario mas activo,Como se ve la sesion de un cliente que si navego?,OK,9,5,61.6,,,NoSQL,mongodb,actividad_usuario,mongodb,
A10,Correlacion visitas vs ventas por producto,La navegacion predice la venta (punto 23 del enunciado)?,OK,455,6,52.4,,,NoSQL,mongodb,actividad_usuario,mongodb,0.3234
