id,titulo,pregunta,estado,filas,columnas,ms,error,archivo
Q01,Top 10 productos por facturacion,Cuales productos mueven mas dinero?,OK,10,7,4.8,,Q01_top_10_productos_por_facturacion.csv
Q02,Top 10 clientes por gasto,Quiennes son los clientes mas valiosos?,OK,10,8,5.8,,Q02_top_10_clientes_por_gasto.csv
Q03,Ventas mes a mes (serie temporal),Como evoluciona la facturacion?,OK,36,7,6.5,,Q03_ventas_mes_a_mes_serie_temporal.csv
Q04,Facturacion por categoria,Que mix de producto funciona?,OK,6,6,4.1,,Q04_facturacion_por_categoria.csv
Q05,Ticket promedio por canal de venta,El canal fisico o el digital convierte mejor?,OK,3,6,2.7,,Q05_ticket_promedio_por_canal_de_venta.csv
Q06,Productos en catalogo que NUNCA se vendieron,Cuanto inventario muerto hay?,OK,55,5,1.4,,Q06_productos_en_catalogo_que_nunca_se_vendieron.csv
Q07,Clientes con pedidos cancelados,Que clientesCancelan y cuanto nos cuestan?,OK,25,5,5.4,,Q07_clientes_con_pedidos_cancelados.csv
Q08,Metodos de pago mas usados y su conciliacion,Que metodo de pago y como se concilia?,OK,6,5,4.3,,Q08_metodos_de_pago_mas_usados_y_su_conciliacion.csv
Q09,Productos con mayor descuento promedio,Donde nos estamos regalando margen?,OK,20,6,3.2,,Q09_productos_con_mayor_descuento_promedio.csv
Q10,Ciudades con mas facturacion,Donde esta el dinero geografico?,OK,10,5,3.0,,Q10_ciudades_con_mas_facturacion.csv
Q11,Clientes premium vs estandar,El segmento premium vale la pena?,OK,2,6,3.3,,Q11_clientes_premium_vs_estandar.csv
Q12,Concentracion de ventas (ley de Pareto),Cuantos productos explican la mayor parte de la venta?,OK,1,3,4.4,,Q12_concentracion_de_ventas_ley_de_pareto.csv
Q13,Productos con mejor margen real,"La rentabilidad por producto, no la del catalogo?",OK,20,7,5.0,,Q13_productos_con_mejor_margen_real.csv
Q14,Pedidos con pago NO conciliado,Que pedidos tienen descuadre de dinero?,OK,25,9,2.7,,Q14_pedidos_con_pago_no_conciliado.csv
Q15,Clientes nuevos vs recurrentes,El negocio esta captando o solo repite?,OK,2,5,4.0,,Q15_clientes_nuevos_vs_recurrentes.csv
Q16,Trimestre x categoria (pivot de mix),El mix estacional cambia por trimestre?,OK,72,5,3.1,,Q16_trimestre_x_categoria_pivot_de_mix.csv
Q17,Productos de alto valor y baja rotacion,Que productos caros no rotan?,OK,25,7,3.9,,Q17_productos_de_alto_valor_y_baja_rotacion.csv
Q18,Cobertura por sucursal y estado del pedido,Como rinde cada sucursal?,OK,48,5,3.4,,Q18_cobertura_por_sucursal_y_estado_del_pedido.csv
