id_producto,producto,categoria,facturacion,unidades,pedidos,precio_promedio
90,All-in-One Lumen Edge,Computadoras,11937552.01,216,51,55266.44
123,Foldable Orbit Elite,Smartphones,2778463.02,151,36,18400.42
18,Workstation Nova Nova,Computadoras,2719050.1,55,9,49437.27
20,All-in-One Nova One,Computadoras,2641171.5100000002,55,12,48021.3
51,Laptop Kortex Zen,Computadoras,2624020.15,39,6,67282.57
5,All-in-One Nova Max,Computadoras,2306493.71,90,21,25627.71
54,Mini PC Kortex SE,Computadoras,2244901.7199999997,35,9,64140.05
27,Desktop Auric Lite,Computadoras,1892864.51,71,18,26660.06
145,Smartphone Nimbus Max,Smartphones,1798445.16,44,11,40873.75
83,Workstation Lumen Elite,Computadoras,1705165.6400000001,31,8,55005.34
