anio_mes,anio,mes,pedidos,unidades,facturacion,ticket_promedio
2024-01,2024,1,31,227,3040098.31,123750.93
2024-02,2024,2,32,226,2482017.26,91499.59
2024-03,2024,3,35,251,2415392.12,98279.27
2024-04,2024,4,32,213,3558192.46,138837.96
2024-05,2024,5,49,288,3720989.4899999998,97917.86
2024-06,2024,6,40,376,3741737.97,104744.09
2024-07,2024,7,36,260,2701449.86,103495.76
2024-08,2024,8,62,465,6099562.33,117632.66
2024-09,2024,9,37,238,3779737.66,155754.03
2024-10,2024,10,50,365,3147695.53,80645.79
2024-11,2024,11,49,328,3028191.64,83998.32
2024-12,2024,12,49,297,3106482.54,75320.5
2025-01,2025,1,42,302,3713874.65,105526.42
2025-02,2025,2,43,378,4704555.01,139595.34
2025-03,2025,3,38,250,2314468.83,84586.75
2025-04,2025,4,50,389,3721087.36,96421.99
2025-05,2025,5,41,313,4470603.21,148982.62
2025-06,2025,6,38,263,1916023.67,61688.81
2025-07,2025,7,40,253,3271648.41,88449.09
2025-08,2025,8,49,287,3474305.93,103236.42
2025-09,2025,9,52,388,5175444.22,151810.76
2025-10,2025,10,55,466,5923310.38,148514.68
2025-11,2025,11,39,269,2561309.7399999998,76418.29
2025-12,2025,12,43,279,3883449.94,131307.76
2026-01,2026,1,45,352,4857395.86,131838.56
2026-02,2026,2,40,313,3473276.17,112235.26
2026-03,2026,3,45,384,4049177.63,125274.06
2026-04,2026,4,46,364,3450763.83,107137.73
2026-05,2026,5,56,436,5614149.05,137953.5
2026-06,2026,6,58,435,5753247.29,140912.03
2026-07,2026,7,58,440,4879872.99,113340.39
2026-08,2026,8,48,324,4287333.65,101532.47
2026-09,2026,9,48,295,4294358.16,122674.64
2026-10,2026,10,1,9,96930.57999999999,96930.58
2026-11,2026,11,1,2,44605.6,44605.6
2026-12,2026,12,5,57,583467.1799999999,135823.55
