id_producto,producto,categoria,precio,fecha_lanzamiento
142,Smartphone Nimbus Prime Pro,Smartphones,31449.79,2024-02-04
46,Laptop Kortex Plus,Computadoras,24673.4,2024-05-13
28,Workstation Auric Ultra,Computadoras,24190.36,2024-03-28
75,All-in-One Vertex Mini,Computadoras,21890.65,2024-10-30
189,Smartphone Helix Core Lite,Smartphones,18090.73,2025-01-10
99,Mini PC Lumen Vertex,Computadoras,18069.0,2024-08-08
316,Monitor Portatil Auric Fury,Monitores,17090.97,2024-03-24
614,Switch Kortex SE,Redes,17084.74,2024-03-19
527,Cable de Red Praxis Lite,Redes,16171.0,2024-07-11
538,Router Praxis Nova,Redes,16124.03,2024-12-23
543,Router Onyx Elite,Redes,14943.37,2024-10-09
581,Adaptador WiFi Auric Neo,Redes,14758.0,2024-01-24
619,Switch Kortex Vertex,Redes,14276.1,2024-12-31
161,Tablet Quartz Neo,Smartphones,13668.91,2024-08-05
561,Adaptador WiFi Nova Neo,Redes,13291.26,2024-09-05
532,Cable de Red Praxis Pro,Redes,11522.0,2024-09-30
193,Foldable Helix GT,Smartphones,11432.0,2024-02-25
364,Monitor Ultrawide Lumen Air,Monitores,9453.57,2024-09-25
109,Smartphone Zylo Core Lite,Smartphones,9060.59,2024-12-15
350,Monitor 4K Vertex Edge,Monitores,7902.0,2024-03-20
611,Adaptador WiFi Kortex Zen,Redes,7642.0,2024-04-08
615,Access Point Kortex Mini,Redes,7556.52,2024-08-18
616,Adaptador WiFi Kortex Fury,Redes,7381.39,2024-02-03
580,Access Point Nova One,Redes,6653.35,2025-01-19
397,Monitor Zylo Pulse,Monitores,6557.49,2024-08-08
618,Router Kortex Nova,Redes,5073.43,2024-08-26
116,Tablet Zylo Fury,Smartphones,4629.96,2024-06-13
503,Webcam Delta Elite,Accesorios,4099.95,2024-12-26
141,Tablet Nimbus Neo,Smartphones,4045.73,2025-02-03
383,Monitor Gamer Zylo Elite,Monitores,3894.9,2024-08-30
620,Access Point Kortex One,Redes,3513.09,2024-07-11
609,Switch Kortex Core,Redes,3487.98,2024-01-02
589,Switch Auric Core,Redes,3442.7,2024-02-15
479,Hub USB-C Helix Vertex,Accesorios,3243.0,2024-06-11
613,Router Kortex GT,Redes,3168.0,2024-08-28
576,Adaptador WiFi Nova Fury,Redes,3131.05,2025-01-17
612,Cable de Red Kortex Pro,Redes,3095.0,2024-09-21
293,Microfono Nova GT,Audio,2795.96,2024-06-27
504,Hub USB-C Delta Air,Accesorios,2625.64,2024-05-11
361,Monitor Portatil Lumen Neo,Monitores,2199.63,2025-01-08
617,Cable de Red Kortex Pulse,Redes,2036.34,2024-06-20
279,Audifonos Onyx Vertex,Audio,1716.99,2024-08-20
250,Bocina Bluetooth Praxis Edge,Audio,1361.18,2024-02-21
225,Bocina Bluetooth Delta Max,Audio,1331.67,2024-05-14
553,Router Onyx GT,Redes,1255.27,2024-08-20
443,Webcam Quartz Elite,Accesorios,1039.38,2025-01-05
610,Access Point Kortex Edge,Redes,926.86,2024-01-07
530,Access Point Praxis Edge,Redes,619.16,2024-11-25
506,Mouse Delta Plus,Accesorios,597.95,2024-05-09
283,Microfono Nova Elite,Audio,596.91,2024-03-08
536,Adaptador WiFi Praxis Fury,Redes,566.31,2024-12-07
455,Teclado Mecanico Quartz Mini,Accesorios,241.52,2024-07-20
422,Mousepad Nimbus Prime,Accesorios,225.65,2024-11-17
486,Mouse Cobalto Plus,Accesorios,201.17,2025-01-01
457,Mousepad Quartz Pulse,Accesorios,183.15,2024-07-19
