id_cliente,cliente,ciudad,pedidos_cancelados,monto_perdido
1275,Javier Perez,Puebla,1,756723.7200000001
1925,Miguel Lozano,Guadalajara,2,668838.47
1871,Leticia Rodriguez,Monterrey,1,551335.8
1090,Camila Morales,Monterrey,1,531577.09
1267,Oscar Ortiz,Leon,2,524397.93
344,Octavio Contreras,Tijuana,2,505864.04
1520,Carlos Molina,Cancun,3,477366.25999999995
379,Gerardo Aguilar,Ciudad de Mexico,1,467845.31999999995
1044,Gabriela Ruiz,Cancun,1,461467.01
1238,Samantha Reyes,Guadalajara,1,455958.16000000003
1264,Victor Molina,Leon,1,455849.83999999997
34,Alejandra Morales,Merida,1,446936.16
1850,Daniela Ruiz,Tijuana,1,408502.66
285,Ernesto Flores,Queretaro,1,389695.45
1475,leandro delgado,Merida,1,386094.05000000005
336,Julio Alvarez,Tijuana,1,382724.15
278,Mariana Martinez,Puebla,1,380656.72
856,Lorena Iglesias,Cancun,1,376800.0
369,Andres Aguilar,Queretaro,1,376327.58999999997
1284,Samantha Lozano,Veracruz,1,366746.06
1895,Citlali Mendez,Ciudad de Mexico,2,344534.14999999997
1856,Diego Solis,Veracruz,1,335202.0
1838,itzel torres,Tijuana,1,324339.66000000003
549,Ignacio Rivera,Leon,1,316605.76
413,Emmanuel Vargas,Merida,2,314921.71
