producto,categoria,descuento_promedio_pct,descuento_maximo_pct,descuento_total,facturacion_neta
Smartphone Orbit Pulse Pro,Smartphones,24.8,24.8,10415.45,31584.55
Access Point Nova Mini,Redes,23.52,23.52,462.8,1505.2
Foldable Nimbus Ultra,Smartphones,23.1,23.1,2217.55,7383.66
Smartphone Zylo Lite Pro,Smartphones,22.95,22.95,8458.05,28400.59
Barra de Sonido Praxis Pro,Audio,22.86,22.86,325.39,1097.8
Teclado Mecanico Cobalto One,Accesorios,21.68,21.68,489.27,1767.76
Cable de Red Nova Pulse,Redes,21.09,21.09,1494.09,5591.64
Laptop Auric Plus,Computadoras,20.75,20.75,11032.25,42135.76
Laptop Lumen Zen,Computadoras,20.58,20.58,3444.7,13289.45
Microfono Delta Ultra,Audio,20.33,20.33,279.47,1095.09
Cable de Red Auric Prime,Redes,19.69,19.69,1050.31,4284.09
All-in-One Vertex One,Computadoras,19.48,19.62,5090.13,21050.67
Monitor Zylo Pro,Monitores,19.2,19.2,3222.21,13559.27
Smartphone Cobalto Prime Pro,Smartphones,19.15,19.15,1759.23,7429.36
Monitor Portatil Vertex Plus,Monitores,18.55,22.93,3158.5299999999997,13873.35
Mousepad Nimbus Pro,Accesorios,18.55,18.55,43.96,193.04
Hub USB-C Cobalto SE,Accesorios,17.05,17.05,411.01,2000.09
Smartphone Zylo Edge,Smartphones,16.83,16.83,4299.17,21240.83
Monitor Gamer Lumen Nova,Monitores,16.02,21.73,2714.0,14225.36
Bocina Bluetooth Cobalto Edge,Audio,15.84,24.92,742.8599999999999,5829.3
