producto,categoria,unidades,ingresos_brutos,descuentos,utilidad_estimada,margen_promedio
All-in-One Lumen Edge,Computadoras,216,12067275.379999999,129723.37000000001,4977959.19,0.417
Laptop Kortex Zen,Computadoras,39,2652000.0,27979.85,876947.53,0.3342
All-in-One Nova One,Computadoras,55,2663116.56,21945.05,836459.02,0.3167
Foldable Orbit Elite,Smartphones,151,2815391.43,36928.409999999996,737404.09,0.2654
Workstation Nova Nova,Computadoras,55,2744900.4,25850.3,730336.86,0.2686
Foldable Zylo GT,Smartphones,69,1712355.02,14428.83,690546.58,0.4067
Smartphone Nimbus Max,Smartphones,44,1829478.24,31033.08,677654.14,0.3768
Desktop Auric Lite,Computadoras,71,1916529.24,23664.73,667234.74,0.3525
Mini PC Kortex SE,Computadoras,35,2276340.54,31438.82,661348.05,0.2946
Mini PC Nova Vertex,Computadoras,32,1683577.8399999999,22067.370000000003,570396.54,0.3433
All-in-One Nova Max,Computadoras,90,2346269.4,39775.69,482749.13,0.2093
Workstation Lumen Elite,Computadoras,31,1753077.9,47912.26,474206.56,0.2781
Foldable Quartz Elite,Smartphones,46,1609326.0,8008.27,473829.92,0.2959
Smartphone Nimbus Mini,Smartphones,35,1262382.48,17890.510000000002,448514.91,0.3604
Mini PC Vertex Air,Computadoras,87,1208940.22,21229.36,420449.64,0.354
Workstation Vertex Nova,Computadoras,24,1199848.74,22376.71,411408.73,0.3494
Monitor Ultrawide Zylo Vertex,Monitores,61,1620806.99,33652.3,388376.75,0.2447
Monitor Gamer Vertex Elite,Monitores,51,970117.95,7281.74,384845.63,0.3997
Desktop Auric Pro,Computadoras,19,1068230.73,0.0,368860.07,0.3453
Foldable Nimbus GT,Smartphones,33,1175823.96,11447.45,351991.02,0.3023
