id_pedido,id_cliente,estado,estado_pago,metodo,total_pedido,monto,diferencia_pago,pct_diferencia
2016,1691,completado,APROBADO,tarjeta_debito,507856.16,960261.85,452405.69,89.08
2016,1691,completado,APROBADO,tarjeta_debito,507856.16,960261.85,452405.69,89.08
2016,1691,completado,APROBADO,tarjeta_debito,507856.16,960261.85,452405.69,89.08
2820,1902,enviado,aprobado,efectivo,7848.66,398917.0,391068.34,4982.61
2945,562,pendiente,rechazado,mpago,17963.8,383552.96,365589.16,2035.14
2945,562,pendiente,rechazado,mpago,17963.8,383552.96,365589.16,2035.14
3263,281,cancelado,APROBADO,tarjeta_credito,196281.48,498220.85,301939.37,153.83
3263,281,cancelado,APROBADO,tarjeta_credito,196281.48,498220.85,301939.37,153.83
3263,281,cancelado,APROBADO,tarjeta_credito,196281.48,498220.85,301939.37,153.83
2009,503,completado,pendiente,efectivo,13400.48,314516.29,301115.81,2247.05
372,1687,completado,aprobado,oxxo,70747.82,317095.78,246347.96,348.21
372,1687,completado,aprobado,oxxo,70747.82,317095.78,246347.96,348.21
2915,1737,completado,aprobado,mpago,226152.16,472332.2,246180.04,108.86
2915,1737,completado,aprobado,mpago,226152.16,472332.2,246180.04,108.86
2915,1737,completado,aprobado,mpago,226152.16,472332.2,246180.04,108.86
3187,1498,completado,APROBADO,oxxo,39079.65,282117.9,243038.25,621.9
3187,1498,completado,APROBADO,oxxo,39079.65,282117.9,243038.25,621.9
3187,1498,completado,APROBADO,oxxo,39079.65,282117.9,243038.25,621.9
364,1455,cancelado,aprobado,tarjeta_credito,197967.28,435426.83,237459.55,119.95
364,1455,cancelado,aprobado,tarjeta_credito,197967.28,435426.83,237459.55,119.95
364,1455,cancelado,aprobado,tarjeta_credito,197967.28,435426.83,237459.55,119.95
285,965,enviado,pendiente,transferencia,19752.3,243216.56,223464.26,1131.33
285,965,enviado,pendiente,transferencia,19752.3,243216.56,223464.26,1131.33
285,965,enviado,pendiente,transferencia,19752.3,243216.56,223464.26,1131.33
2521,997,enviado,pendiente,tarjeta_credito,5884.85,225118.69,219233.84,3725.39
