producto,categoria,rango_precio,precio_lista,unidades,facturacion,clientes_distintos
Workstation Auric GT,Computadoras,Lujo,45533.09,2,91066.18,1
Desktop Lumen Pulse,Computadoras,Lujo,44347.0,2,88694.76,1
Foldable Quartz Nova,Smartphones,Lujo,29863.52,2,59727.04,1
Desktop Lumen Prime,Computadoras,Lujo,26390.1,2,48867.27,1
Monitor Ultrawide Lumen SE,Monitores,Lujo,22016.61,1,22016.61,1
Tablet Orbit Fury,Smartphones,Lujo,20224.22,2,40448.44,2
Laptop Lumen Zen,Computadoras,Premium,16734.15,1,13289.45,1
Switch Nova Air,Redes,Premium,16332.52,1,13935.71,1
Laptop Vertex Zen,Computadoras,Premium,15201.53,1,12985.58,1
Foldable Helix Nova,Smartphones,Premium,14532.61,2,29065.22,1
Monitor Gamer Kortex Ultra,Monitores,Premium,13737.01,1,11251.99,1
Access Point Onyx Edge,Redes,Premium,12661.44,1,12661.44,1
Tablet Cobalto Neo,Smartphones,Premium,12657.76,1,12657.76,1
Adaptador WiFi Onyx Zen,Redes,Premium,10480.07,2,18606.62,1
Smartphone Cobalto Prime Pro,Smartphones,Premium,9188.59,1,7429.36,1
Cable de Red Auric Lite,Redes,Alto,6063.0,1,6062.64,1
Smartphone Helix Prime Pro,Smartphones,Alto,5269.41,1,5269.41,1
Smartphone Orbit Lite Pro,Smartphones,Alto,5053.47,2,10106.94,1
Smartphone Helix One,Smartphones,Alto,4786.57,2,9573.14,1
Monitor Portatil Kortex Fury,Monitores,Alto,3813.68,2,7627.36,1
Mousepad Cobalto Pro,Accesorios,Alto,3107.03,2,5878.97,2
Microfono Auric Ultra,Audio,Alto,2045.61,2,4091.22,1
Monitor Gamer Lumen Ultra,Monitores,Alto,2004.61,2,4009.22,2
Router Praxis Ultra,Redes,Medio,1560.8,2,2905.43,1
Cable de Red Auric Pulse,Redes,Medio,1471.53,2,2943.06,1
