id_sucursal,estado,pedidos,facturacion,ticket_promedio
1,completado,88,8180179.49,127247.14
1,cancelado,27,2784055.5,142499.55
1,pendiente,31,2164924.28,78087.35
1,enviado,29,2158047.35,95443.37
2,completado,92,7888796.7299999995,120940.08
2,enviado,34,2897917.81,102747.38
2,pendiente,34,2806674.7399999998,94122.56
2,cancelado,29,2231191.42,123065.42
3,completado,90,7080279.82,100841.16
3,enviado,34,2813784.9499999997,111025.79
3,cancelado,33,2595606.5,88324.56
3,pendiente,32,1685735.1,71913.81
4,completado,99,7108843.63,100008.73
4,enviado,32,3271252.13,136415.06
4,pendiente,38,2681981.03,102446.51
4,cancelado,29,1920768.54,75422.08
5,completado,86,6317934.88,96428.56
5,enviado,33,3804905.1999999997,130948.27
5,pendiente,35,2489156.07,82807.5
5,cancelado,31,1706976.4,66395.88
6,completado,87,8550662.07,146430.39
6,pendiente,46,4227514.9,115170.49
6,cancelado,28,3177889.1799999997,120444.79
6,enviado,23,2467999.87,159011.93
7,completado,88,7286815.85,127798.19
7,pendiente,39,3971080.51,155437.28
7,enviado,39,3353389.91,111195.84
7,cancelado,31,2984529.23,112027.22
8,completado,88,8786547.22,127245.14
8,pendiente,30,3031941.15,121086.26
8,cancelado,30,2525968.15,111824.72
8,enviado,25,2122505.18,141106.9
9,completado,105,10992578.04,127235.53
9,cancelado,30,2988946.11,107510.54
9,pendiente,27,2511872.92,127335.45
9,enviado,35,2090247.37,77200.95
10,completado,91,6665312.8,88055.59
10,cancelado,28,2833605.5100000002,126957.72
10,enviado,26,2502224.91,105221.89
10,pendiente,29,2239538.77,110425.53
11,completado,98,6965254.9,93146.78
11,pendiente,43,3635703.89,98554.07
11,cancelado,35,3557977.7600000002,127194.49
11,enviado,37,2856792.38,96259.26
12,completado,98,8871797.42,110041.96
12,cancelado,26,2750024.87,161547.53
12,enviado,26,2302136.6,117467.64
12,pendiente,35,1604932.1,54290.05
