id_producto,rol_generado,peso_visualizacion
1,normal,0.0008763301028946663
2,normal,0.001874978138027906
3,normal,0.0013376143093921198
4,normal,0.0014676610001596439
5,normal,0.006185032492878806
6,normal,0.000877208537718944
7,normal,0.0006089193022508868
8,normal,0.0006994157140521672
9,normal,0.0010292143649864203
10,normal,0.000836618713802236
11,normal,0.004693192935920152
12,normal,0.0005833213050407442
13,normal,0.0004438601750107985
14,normal,0.0028081847609184333
15,normal,0.0005395321952166157
16,normal,0.0017558707909749822
17,normal,0.0010404378669230374
18,normal,0.0015539190031739023
19,normal,0.0013373149852237193
20,normal,0.0029885083590975225
21,normal,0.00149729619854416
22,normal,0.0014085295415332407
23,normal,0.0004695604250362191
24,normal,0.003746391026194843
25,normal,0.0012747679256843625
26,normal,0.0005585312356667507
27,poco_visto_mucho_vendido,0.0011048096151553607
28,normal,0.0002631492840000663
29,poco_visto_mucho_vendido,0.0008940432992049204
30,normal,0.0012601082112157786
31,normal,0.0010225045551876361
32,normal,0.0014456944856394607
33,normal,0.000450762913955202
34,normal,0.001321026343907125
35,normal,0.0012003234576039683
36,normal,0.0019488239032238246
37,normal,0.0005125702160199487
38,normal,0.0010928637675314248
39,normal,0.0010864129150257719
40,normal,0.0006876627942978013
41,normal,0.0006620636360099337
42,normal,0.0010712511369895164
43,normal,0.0006495656107116648
44,normal,0.0006658020714451363
45,normal,0.001932795716887266
46,normal,0.0004215711362546777
47,normal,0.004300444073945969
48,normal,0.0015975627878778759
49,normal,0.0013357249255928477
50,normal,0.0004329245216969754
51,normal,0.0016737902524140552
52,normal,0.0014589068293977335
53,normal,0.000699743532090637
54,normal,0.001864146344489242
55,normal,0.0021224127693076677
56,normal,0.0009570532891297655
57,normal,0.0012306357987873755
58,normal,0.001150313837398058
59,normal,0.0011718613639907763
60,normal,0.001165454589606724
61,normal,0.0004167085699424984
62,normal,0.0003720700597355842
63,normal,0.00041874300534687465
64,poco_visto_mucho_vendido,0.0009131672935874089
65,normal,0.004299030908452186
66,normal,0.0011350349239521583
67,normal,0.0006675593604676343
68,normal,0.001851255855429238
69,normal,0.0018175391088173433
70,normal,0.000622816573952727
71,normal,0.00044653246761703415
72,normal,0.00040185923701017447
73,normal,0.0020032835252419418
74,normal,0.0010822898665814732
75,atractivo_no_convertidor,0.0044566263800468655
76,normal,0.000929145347105009
77,normal,0.0009983118648253999
78,normal,0.002310494825663807
79,normal,0.0007675221185099634
80,normal,0.0011143244372127164
81,normal,0.002135564924114603
82,normal,0.001403938240540879
83,normal,0.0017454933145323508
84,normal,0.0007433646137828517
85,normal,0.0003189519003981188
86,atractivo_no_convertidor,0.0044566263800468655
87,normal,0.0005163417327696999
88,normal,0.0008124746329832059
89,normal,0.0013209481204127732
90,poco_visto_mucho_vendido,0.004596642850276638
91,normal,0.00021585338838241142
92,normal,0.0006692826836473681
93,normal,0.00029106231815065857
94,normal,0.0011559835138830346
95,normal,0.00022471853396175006
96,normal,0.0014436217648114054
97,normal,0.00020455744002867844
98,normal,0.0016583446946681958
99,normal,0.0013256068608365431
100,normal,0.00019608708936735128
101,normal,0.0008936933044163564
102,normal,0.0022887979850367895
103,normal,0.0005308543520718794
104,normal,0.002632805180859533
105,normal,0.0013476697827182879
106,normal,0.0009182357039300806
107,normal,0.00045528606985653056
108,normal,0.001173643875378413
109,normal,0.00041275526572501626
110,normal,0.0014733748328606697
111,normal,0.0006587286760406759
112,normal,0.0016531106690550628
113,normal,0.00287804847665685
114,normal,0.0004628938241611027
115,normal,0.0009013049279137888
116,normal,0.00031167530862057086
117,normal,0.0006081448430728043
118,normal,0.000722392006012747
119,normal,0.003505760721461076
120,normal,0.00041373636172794404
121,normal,0.0038057672421984387
122,normal,0.0008710675235719886
123,poco_visto_mucho_vendido,0.0016185934864755304
124,normal,0.0006655432123588671
125,normal,0.0023359957048635503
126,normal,0.0011248069881653795
127,normal,0.0011226957367402365
128,normal,0.0020356615440407784
129,normal,0.00027368161088179416
130,normal,0.00024555885877887554
131,normal,0.0009739231177828302
132,normal,0.0006242572173264097
133,normal,0.00043656811791457445
134,normal,0.0005506168459604896
135,normal,0.0009087629723322405
136,normal,0.0016768900370972512
137,normal,0.0004957301718960975
138,normal,0.0011988045315708864
139,normal,0.0016215414192629059
140,normal,0.0013847526595131539
141,normal,0.0003339231835397761
142,normal,0.0004486447075486796
143,normal,0.0017826177731478077
144,normal,0.0006519672545725735
145,normal,0.005673376046285336
146,normal,0.002240116780969377
147,poco_visto_mucho_vendido,0.002383959661547928
148,normal,0.001712246511285534
149,normal,0.002289516360922753
150,normal,0.001180268709545106
151,normal,0.00031815990412091186
152,normal,0.0007260343191771379
153,normal,0.0015046115787840937
154,normal,0.0009869192722993022
155,normal,0.002139804359585905
156,normal,0.0003559994484664441
157,normal,0.0003824044292691365
158,normal,0.004720542980615803
159,normal,0.0008825355364213427
160,normal,0.00032015845792730964
161,normal,0.000249692339530721
162,normal,0.0022732168206508097
163,normal,0.0012623500104283255
164,normal,0.000268335584295895
165,normal,0.005131619587123353
166,normal,0.0030171377005534213
167,normal,0.0006107627323398639
168,normal,0.0003010679250743238
169,normal,0.0020254237362295675
170,normal,0.002701498688771241
171,normal,0.0013690635291952447
172,normal,0.0007693955834792614
173,normal,0.0015439731862456176
174,normal,0.0011383487021550858
175,normal,0.0010884888468926546
176,normal,0.0020247548020384414
177,normal,0.001617866286188572
178,normal,0.0005333134523634217
179,normal,0.0010160795360047554
180,normal,0.00037303219818472924
181,normal,0.0006770070998460141
182,normal,0.0008323099064173337
183,normal,0.0016268633407148256
184,normal,0.0007591970120533389
185,normal,0.001455380746999567
186,normal,0.0003265720277198622
187,normal,0.003951807002335175
188,normal,0.001621984692384757
189,normal,0.0003178934494017135
190,normal,0.0010986960428769356
191,normal,0.00026953903376027193
192,normal,0.0009511889717594064
193,atractivo_no_convertidor,0.0044566263800468655
194,normal,0.0002330704611158568
195,normal,0.0010642463698908313
196,normal,0.0012526175849576014
197,normal,0.0006590167796750779
198,normal,0.000740741749181464
199,normal,0.0003670893360326905
200,normal,0.0009199284965336511
201,normal,0.0004558968783947179
202,normal,0.00046405686439139686
203,normal,0.00123299025839182
204,normal,0.0005445543237128257
205,normal,0.0015513684602076496
206,normal,0.0008571396202160793
207,normal,0.00038153014000457097
208,normal,0.0015897319057094296
209,normal,0.0028235610995449192
210,normal,0.0014750740552441953
211,normal,0.0008683326944095141
212,normal,0.0006405927424313635
213,normal,0.0010535174045217075
214,normal,0.0006094099795790427
215,normal,0.0012359571985491632
216,normal,0.002244226984608003
217,normal,0.0010380185506740725
218,normal,0.004376031525323852
219,poco_visto_mucho_vendido,0.002387882189113101
220,normal,0.0007662483329062368
221,normal,0.0014541267002928207
222,normal,0.0024793114845397335
223,normal,0.0008262614287079037
224,normal,0.0016591767948196095
225,normal,0.000986108469038918
226,normal,0.002051193206632976
227,normal,0.0007389797006128874
228,normal,0.0016181011519204047
229,normal,0.0015284635354627025
230,normal,0.0012361909352404598
231,normal,0.001166900590643943
232,normal,0.001170221907541797
233,normal,0.0010727678442928794
234,normal,0.0022179989298609063
235,normal,0.000694512660162138
236,poco_visto_mucho_vendido,0.0044742486780446995
237,normal,0.0013317263976634942
238,normal,0.004494581077095139
239,normal,0.0006232018637756929
240,normal,0.0008507039296748698
241,normal,0.0011980444089850794
242,poco_visto_mucho_vendido,0.0012400988939605187
243,normal,0.0007980497972909194
244,normal,0.0008276907956771759
245,poco_visto_mucho_vendido,0.00263559001040633
246,normal,0.00126149228490892
247,normal,0.0005544808803702839
248,normal,0.00044062218317845797
249,normal,0.0004790322038024742
250,normal,0.0005979869888023445
251,normal,0.0017821720158965732
252,atractivo_no_convertidor,0.0044566263800468655
253,normal,0.001693730471044617
254,normal,0.0020440791112371205
255,normal,0.0014733253993344838
256,normal,0.00025028715342619614
257,normal,0.0006475832992872409
258,normal,0.0011261502199594307
259,normal,0.0008594495084500553
260,normal,0.0009990564931369504
261,normal,0.0006126790063403982
262,normal,0.0013087820185186316
263,normal,0.0017217476838384176
264,normal,0.0006938257639439131
265,normal,0.0005820072044167207
266,normal,0.0027893742821450433
267,normal,0.0014875226752007148
268,normal,0.004400371981547775
269,normal,0.0004903116048515334
270,normal,0.0023973822875523526
271,normal,0.002319849906721224
272,normal,0.0018762493914495663
273,normal,0.0015536262510591292
274,normal,0.0025160728720345304
275,normal,0.000553935992405676
276,normal,0.0012247764242388347
277,normal,0.002633597082891517
278,normal,0.00048171780619864625
279,normal,0.0003923005512761001
280,normal,0.0020744466389112023
281,normal,0.002130988105474294
282,normal,0.0003167790111046799
283,normal,0.0007797323848637593
284,normal,0.00027201557718498255
285,normal,0.0012113153474533885
286,atractivo_no_convertidor,0.0044566263800468655
287,normal,0.0005663549658863917
288,normal,0.0003377278872853359
289,normal,0.00042345162217527233
290,normal,0.00137956710299033
291,normal,0.0014974908549200395
292,normal,0.0022837919265285642
293,normal,0.0007343841089995816
294,normal,0.004444640686242146
295,normal,0.0033413554107810522
296,normal,0.005051329677819353
297,normal,0.000300134939040056
298,normal,0.001740820921800049
299,normal,0.0009180250150930744
300,normal,0.0017668684409270123
301,normal,0.0012655509542790543
302,normal,0.0006071670835830099
303,normal,0.0005245133416655042
304,normal,0.0003130114470310711
305,normal,0.0003381957075138618
306,normal,0.000809321789875953
307,normal,0.002208035154848546
308,normal,0.0012348434878335578
309,normal,0.0035694633146028504
310,normal,0.0006554302021554441
311,normal,0.0010806987570826695
312,normal,0.0004078191680099761
313,normal,0.003081878232030108
314,normal,0.0034269222666632156
315,normal,0.001580368948591391
316,normal,0.0005820633481423305
317,normal,0.0025186187323109773
318,normal,0.0011354528147424104
319,normal,0.003239982525418432
320,normal,0.0017307098304369733
321,normal,0.001967026324017747
322,normal,0.000965270180528067
323,normal,0.0014320025709709644
324,poco_visto_mucho_vendido,0.0028981602606798704
325,normal,0.0020189163626156735
326,normal,0.0014557794116847396
327,normal,0.0002778321511257127
328,normal,0.0003765778567113789
329,normal,0.002873459984705844
330,normal,0.002186524845553578
331,normal,0.001421751603012242
332,normal,0.00135408807304149
333,normal,0.0026472218200441567
334,normal,0.0014155423673027291
335,normal,0.000914391087164226
336,normal,0.0008488761567165714
337,normal,0.0021162612333476606
338,normal,0.0005386172844178532
339,normal,0.00032424216832799513
340,normal,0.0016729619331433336
341,normal,0.0011373847477611702
342,normal,0.0008404014411523433
343,normal,0.002580426475623946
344,normal,0.0025277752924811408
345,normal,0.0005477439142123478
346,normal,0.0005704321863986208
347,normal,0.001981243692184164
348,normal,0.0003914346486684656
349,normal,0.00286251381205074
350,normal,0.00028276784051336324
351,normal,0.0016970044354102886
352,normal,0.0009730992656063094
353,normal,0.00035984207048069515
354,normal,0.0014869503131868275
355,normal,0.0031619077438707188
356,normal,0.0007746181959582616
357,normal,0.0010023417469726017
358,normal,0.0012999755915443884
359,normal,0.0014166769549264567
360,normal,0.001474777161597828
361,normal,0.00016554402002985245
362,normal,0.0019738259075588447
363,normal,0.0004654960704944372
364,atractivo_no_convertidor,0.0044566263800468655
365,normal,0.00045193239829820095
366,normal,0.0017523313273321952
367,normal,0.0007450301556583615
368,normal,0.00038043202614433154
369,normal,0.0029157575276997833
370,normal,0.000792913526685713
371,normal,0.0005239207201216955
372,normal,0.0015460484497844217
373,normal,0.001184900067377192
374,normal,0.0005607689585376142
375,normal,0.000484073432735505
376,normal,0.000668717966789538
377,normal,0.0006058923889621505
378,normal,0.0017687206026901815
379,normal,0.0015836491838491043
380,normal,0.0007771474439769043
381,normal,0.0007449502829168903
382,normal,0.0029314604707099826
383,normal,0.0004156390200875994
384,normal,0.0007347847235666503
385,normal,0.0004695824688286448
386,normal,0.0018848319351556055
387,normal,0.0005072506557377958
388,normal,0.0010169799078103238
389,normal,0.00043842257232497403
390,atractivo_no_convertidor,0.0044566263800468655
391,normal,0.003376297749317462
392,normal,0.0006085014349988548
393,normal,0.0011766631118264462
394,normal,0.00040076165841770124
395,normal,0.0009619319850409762
396,normal,0.0003913991637285089
397,atractivo_no_convertidor,0.0044566263800468655
398,normal,0.0010716342083596242
399,normal,0.0034885744656193473
400,normal,0.0009690830489310205
401,normal,0.0011016192232971417
402,normal,0.003500288706219721
403,normal,0.0003435898276134286
404,normal,0.0013121413671604487
405,normal,0.0039971355018437234
406,normal,0.0006134503849392154
407,normal,0.00192937428890368
408,normal,0.00035802912325918487
409,normal,0.0013009083733745137
410,normal,0.0015716068755174597
411,normal,0.0006418395134488938
412,normal,0.0005020593110630026
413,normal,0.0006518717720564043
414,normal,0.0007913426611987499
415,normal,0.0006467156885380967
416,normal,0.0005354945499731089
417,normal,0.0005944138014024587
418,normal,0.0014034007971829687
419,normal,0.0007512957027565128
420,normal,0.00046690459275958656
421,normal,0.0007876235346725693
422,normal,0.0003362177288435478
423,normal,0.0006318511353451381
424,normal,0.0036196595653218812
425,normal,0.0005879333149900187
426,normal,0.0011942551918882821
427,normal,0.0017121917209104453
428,normal,0.0010102444124546316
429,normal,0.003175860756140221
430,normal,0.0005143455471303801
431,normal,0.0008244428723109771
432,normal,0.0009586071122323471
433,normal,0.001111239710564541
434,normal,0.002175801675087406
435,normal,0.003459753889376736
436,normal,0.0005607528923516187
437,normal,0.005514069055275795
438,normal,0.0008710072487478233
439,normal,0.0016998692562878292
440,normal,0.0008752881742218366
441,normal,0.0027246517110717876
442,normal,0.0013092309203010487
443,atractivo_no_convertidor,0.0044566263800468655
444,normal,0.0022709314398556752
445,normal,0.0021550869233583417
446,normal,0.002028364844373171
447,normal,0.002051834151635489
448,normal,0.0008558898585807988
449,normal,0.0005699766439681959
450,normal,0.0012805880157262452
451,normal,0.0006422716120149132
452,normal,0.0011023841194120491
453,normal,0.0021154388765920245
454,normal,0.0006135816412881881
455,normal,0.0003930792859931238
456,normal,0.00036506612382267346
457,normal,0.0005343588778745395
458,normal,0.00027155510374995604
459,normal,0.0006164450214106441
460,normal,0.0007458417901904224
461,normal,0.00259977591038361
462,normal,0.0010904090324259854
463,normal,0.0013351479112894762
464,normal,0.0010133997499360652
465,normal,0.001101808869736485
466,normal,0.0003796787472113403
467,normal,0.003009770960439853
468,normal,0.0012602312284721111
469,normal,0.0004777929681194368
470,normal,0.0007401152018230865
471,normal,0.0009305662047972043
472,normal,0.00017163340738623437
473,atractivo_no_convertidor,0.0044566263800468655
474,normal,0.0009568083542940772
475,normal,0.003930053066518594
476,normal,0.0018221715087799496
477,normal,0.00169389116873621
478,normal,0.0005468354293822308
479,normal,0.00045781624124167485
480,normal,0.001022032191018691
481,normal,0.0013882422722928214
482,normal,0.005475625213283642
483,normal,0.0015211417706430077
484,normal,0.0020974277302854474
485,normal,0.002552690940190736
486,normal,0.0003628623535450773
487,normal,0.0020854128389863184
488,normal,0.0007970613221032679
489,normal,0.0013886197667823548
490,poco_visto_mucho_vendido,0.0024200437455682965
491,normal,0.0004215355068069374
492,normal,0.0004480983312119694
493,normal,0.0005195982227141038
494,normal,0.001134592648324467
495,normal,0.0015730685219612576
496,normal,0.0034024453576788137
497,normal,0.0006797160061877214
498,normal,0.0021989340761180273
499,normal,0.003832871434268387
500,normal,0.0010601545093046497
501,normal,0.0013377027454989719
502,normal,0.0005344115600276928
503,normal,0.0005055098455919118
504,normal,0.0003832056681725425
505,normal,0.001088305876120964
506,normal,0.0007785149684691028
507,normal,0.0004869799491793619
508,normal,0.002130898255453859
509,normal,0.0024093422856689005
510,normal,0.005045491050742657
511,normal,0.00034065568106306444
512,normal,0.0009342875346304898
513,normal,0.0007747195988262588
514,normal,0.0005520040342922901
515,normal,0.00035985377359643044
516,normal,0.0032470689568488346
517,normal,0.0014261000867128247
518,normal,0.0008870057484247065
519,normal,0.0021113909510504557
520,normal,0.0019192290794584788
521,normal,0.0006311851382623
522,normal,0.001751144765338171
523,normal,0.0005894334225411002
524,atractivo_no_convertidor,0.0044566263800468655
525,normal,0.0012040878512722404
526,poco_visto_mucho_vendido,0.0008775334976799674
527,normal,0.0004166134645827507
528,normal,0.0008547836459158002
529,normal,0.00650933620515435
530,atractivo_no_convertidor,0.0044566263800468655
531,normal,0.0023620572916872237
532,normal,0.0004957678417049827
533,normal,0.0008532481104386115
534,normal,0.0008580828435063927
535,normal,0.0008158140570828757
536,normal,0.000187956403471306
537,normal,0.0005887472183888136
538,normal,0.0005818070012767886
539,normal,0.0008198051120334285
540,normal,0.0008457504728539183
541,normal,0.0009057009948450571
542,normal,0.00341034493647028
543,atractivo_no_convertidor,0.0044566263800468655
544,normal,0.0015621430885880264
545,normal,0.0022081585458135697
546,normal,0.0011563442008736483
547,poco_visto_mucho_vendido,0.0018423850677800296
548,normal,0.0015634852031306719
549,normal,0.005674707070168412
550,normal,0.00034069918915871384
551,normal,0.0009111904376624956
552,normal,0.0009024229924039283
553,normal,0.00032615303582023293
554,normal,0.0005163753045269662
555,normal,0.0007333207646807126
556,normal,0.0007179143573114372
557,normal,0.0010773957517411438
558,normal,0.0013315811255994474
559,normal,0.00040551318315556177
560,normal,0.005808470179144038
561,atractivo_no_convertidor,0.0044566263800468655
562,normal,0.0007765874759738189
563,normal,0.0005317370754753393
564,normal,0.0008324830715728606
565,normal,0.00037688737870846483
566,normal,0.002454238380423165
567,normal,0.0003471490215010321
568,normal,0.0027209214612898777
569,normal,0.0009025000036546747
570,normal,0.001675246471319823
571,normal,0.0005191393994607128
572,normal,0.0018976080584944782
573,normal,0.0021849096287749866
574,normal,0.0006510745883045166
575,normal,0.0016820082316464317
576,normal,0.0005085962491627467
577,normal,0.0007914728888612497
578,normal,0.0003858183235477926
579,normal,0.0004588553851834382
580,normal,0.0002758408918799262
581,atractivo_no_convertidor,0.0044566263800468655
582,normal,0.0007815476217192269
583,normal,0.0007718113572947997
584,normal,0.0007961929295234936
585,normal,0.0006595074394033528
586,normal,0.003860567588869447
587,normal,0.0013127295429320727
588,normal,0.00055176087949029
589,normal,0.0006493050705663309
590,normal,0.000933620688101502
591,normal,0.0008491750741792288
592,normal,0.0037701170066634076
593,normal,0.001712463570112492
594,normal,0.002673192182451289
595,normal,0.001301708035051357
596,normal,0.0025694321533961725
597,normal,0.0011218064117116701
598,normal,0.0025021190939438854
599,normal,0.001103645834872114
600,normal,0.0005357866277708137
601,normal,0.005139906457561964
602,normal,0.0007050944833552768
603,normal,0.0005738781502630807
604,normal,0.004865302398609332
605,normal,0.0019990872400033302
606,normal,0.0005593215304067417
607,normal,0.0015276132526923262
608,normal,0.00031925985942754867
609,visto_nunca_vendido,0.010605863778728892
610,visto_nunca_vendido,0.010605863778728892
611,visto_nunca_vendido,0.010605863778728892
612,visto_nunca_vendido,0.010605863778728892
613,visto_nunca_vendido,0.010605863778728892
614,visto_nunca_vendido,0.010605863778728892
615,visto_nunca_vendido,0.010605863778728892
616,visto_nunca_vendido,0.010605863778728892
617,visto_nunca_vendido,0.010605863778728892
618,visto_nunca_vendido,0.010605863778728892
619,visto_nunca_vendido,0.010605863778728892
620,visto_nunca_vendido,0.010605863778728892
