producto,visitas,nombre,categoria,unidades
444,1,Hub USB-C Quartz Air,Accesorios,44
462,1,Mousepad Helix Prime,Accesorios,43
497,1,Mousepad Cobalto Pulse,Accesorios,41
179,1,Smartphone Quartz Vertex Lite,Smartphones,41
318,1,Monitor Gamer Auric Nova,Monitores,35
355,1,Monitor 4K Vertex Mini,Monitores,34
118,1,Foldable Zylo Nova,Smartphones,31
224,1,Audifonos Delta Air,Audio,31
143,1,Foldable Nimbus Elite,Smartphones,29
546,1,Adaptador WiFi Onyx Plus,Redes,27
228,1,Microfono Delta Ultra,Audio,27
329,1,Monitor Ultrawide Kortex Core,Monitores,26
98,1,Workstation Lumen Nova,Computadoras,26
21,1,Laptop Auric Neo,Computadoras,25
190,1,Smartphone Helix Edge,Smartphones,25
388,1,Monitor Gamer Zylo Ultra,Monitores,25
235,1,Bocina Bluetooth Delta Mini,Audio,24
335,1,Monitor 4K Kortex Mini,Monitores,22
353,1,Monitor Gamer Vertex GT,Monitores,22
25,1,All-in-One Auric Max,Computadoras,22
66,1,Laptop Vertex Plus,Computadoras,22
537,1,Cable de Red Praxis Pulse,Redes,22
392,1,Monitor Zylo Pro,Monitores,21
226,1,Auriculares Gaming Delta Plus,Audio,21
433,1,Webcam Nimbus GT,Accesorios,21
595,1,Access Point Auric Mini,Redes,20
96,1,Laptop Lumen Fury,Computadoras,20
223,1,Microfono Delta Elite,Audio,20
204,1,Smartphone Cobalto Air Lite,Smartphones,20
175,1,Smartphone Quartz Mini,Smartphones,19
105,1,Smartphone Zylo Max,Smartphones,18
448,1,Webcam Quartz Ultra,Accesorios,18
169,1,Smartphone Quartz Core Lite,Smartphones,17
315,1,Monitor 4K Auric Mini,Monitores,17
233,1,Microfono Delta GT,Audio,17
2,1,Desktop Nova Prime,Computadoras,17
431,1,Mouse Nimbus Zen,Accesorios,17
342,1,Monitor Vertex Prime,Monitores,16
35,1,All-in-One Auric Mini,Computadoras,16
500,1,Teclado Mecanico Cobalto One,Accesorios,16
210,1,Bocina Bluetooth Cobalto Edge,Audio,16
205,1,Smartphone Cobalto Max,Smartphones,16
325,1,Monitor 4K Kortex Max,Monitores,16
195,1,Smartphone Helix Mini,Smartphones,15
608,1,Router Kortex Ultra,Redes,15
569,1,Switch Nova Core,Redes,15
271,1,Auriculares Gaming Onyx Zen,Audio,15
276,1,Auriculares Gaming Onyx Fury,Audio,14
217,1,Barra de Sonido Cobalto Pulse,Audio,14
415,1,Teclado Mecanico Orbit Mini,Accesorios,14
372,1,Monitor Lumen Pro,Monitores,14
513,1,Webcam Delta GT,Accesorios,13
331,1,Monitor Portatil Kortex Zen,Monitores,13
241,1,Auriculares Gaming Praxis Neo,Audio,13
221,1,Auriculares Gaming Delta Neo,Audio,13
38,1,Workstation Auric Nova,Computadoras,13
88,1,Workstation Lumen Ultra,Computadoras,13
42,1,Desktop Kortex Prime,Computadoras,12
188,1,Foldable Helix Ultra,Smartphones,12
304,1,Audifonos Auric Air,Audio,12
535,1,Access Point Praxis Mini,Redes,12
110,1,Smartphone Zylo Edge,Smartphones,12
26,1,Laptop Auric Plus,Computadoras,12
468,1,Webcam Helix Ultra,Accesorios,11
192,1,Smartphone Helix Pro Pro,Smartphones,11
126,1,Tablet Orbit Plus,Smartphones,11
427,1,Mousepad Nimbus Lite,Accesorios,11
577,1,Cable de Red Nova Pulse,Redes,10
67,1,Desktop Vertex Lite,Computadoras,10
351,1,Monitor Portatil Vertex Zen,Monitores,10
52,1,Desktop Kortex Pro,Computadoras,9
122,1,Smartphone Orbit Prime Pro,Smartphones,9
257,1,Barra de Sonido Praxis Pulse,Audio,9
287,1,Barra de Sonido Nova Lite,Audio,9
341,1,Monitor Portatil Vertex Neo,Monitores,9
571,1,Adaptador WiFi Nova Zen,Redes,9
602,1,Cable de Red Kortex Prime,Redes,9
76,1,Laptop Vertex Fury,Computadoras,9
498,1,Webcam Cobalto Nova,Accesorios,9
327,1,Monitor Kortex Lite,Monitores,8
72,1,Desktop Vertex Pro,Computadoras,8
95,1,All-in-One Lumen Mini,Computadoras,8
131,1,Tablet Orbit Zen,Smartphones,8
37,1,Desktop Auric Pulse,Computadoras,8
267,1,Barra de Sonido Onyx Lite,Audio,8
34,1,Mini PC Auric SE,Computadoras,8
56,1,Laptop Kortex Fury,Computadoras,8
311,1,Auriculares Gaming Auric Zen,Audio,8
438,1,Webcam Nimbus Nova,Accesorios,7
275,1,Bocina Bluetooth Onyx Mini,Audio,7
168,1,Foldable Quartz Ultra,Smartphones,7
50,1,All-in-One Kortex Edge,Computadoras,6
521,1,Adaptador WiFi Praxis Neo,Redes,6
417,1,Mousepad Orbit Pulse,Accesorios,6
449,1,Hub USB-C Quartz Core,Accesorios,6
312,1,Monitor Auric Pro,Monitores,6
285,1,Bocina Bluetooth Nova Max,Audio,6
554,1,Switch Onyx SE,Redes,5
348,1,Monitor Gamer Vertex Ultra,Monitores,5
376,1,Monitor Portatil Lumen Fury,Monitores,5
410,1,Monitor 4K Orbit Edge,Monitores,5
451,1,Mouse Quartz Zen,Accesorios,5
17,1,Desktop Nova Pulse,Computadoras,5
106,1,Tablet Zylo Plus,Smartphones,5
154,1,Smartphone Nimbus SE Lite,Smartphones,5
199,1,Smartphone Helix Vertex Lite,Smartphones,4
567,1,Cable de Red Nova Lite,Redes,4
180,1,Smartphone Quartz One,Smartphones,4
483,1,Webcam Cobalto Elite,Accesorios,4
130,1,Smartphone Orbit Edge,Smartphones,3
157,1,Smartphone Nimbus Pulse Pro,Smartphones,3
332,1,Monitor Kortex Pro,Monitores,3
528,1,Router Praxis Ultra,Redes,2
97,1,Desktop Lumen Pulse,Computadoras,2
597,1,Cable de Red Auric Pulse,Redes,2
507,1,Mousepad Delta Lite,Accesorios,2
136,1,Tablet Orbit Fury,Smartphones,2
336,1,Monitor Portatil Kortex Fury,Monitores,2
198,1,Foldable Helix Nova,Smartphones,2
213,1,Microfono Cobalto GT,Audio,2
550,1,Access Point Onyx Edge,Redes,1
201,1,Tablet Cobalto Neo,Smartphones,1
328,1,Monitor Gamer Kortex Ultra,Monitores,1
182,1,Smartphone Helix Prime Pro,Smartphones,1
305,1,Bocina Bluetooth Auric Max,Audio,1
298,1,Microfono Nova Nova,Audio,1
229,1,Audifonos Delta Core,Audio,1
