anio_mes,visitas,usuarios_unicos
2024-01,43,43
2024-02,41,41
2024-03,56,56
2024-04,51,50
2024-05,41,41
2024-06,42,42
2024-07,40,39
2024-08,44,43
2024-09,38,38
2024-10,47,46
2024-11,39,38
2024-12,35,35
2025-01,42,42
2025-02,35,35
2025-03,41,40
2025-04,38,38
2025-05,53,53
2025-06,44,44
2025-07,44,44
2025-08,44,44
2025-09,47,45
2025-10,45,45
2025-11,29,29
2025-12,51,50
2026-01,43,42
2026-02,51,51
2026-03,38,38
2026-04,47,44
2026-05,31,31
2026-06,44,44
2026-07,36,36
2026-08,48,48
2026-09,35,35
2026-10,1,1
2026-12,1,1
