id_producto,rating_promedio,total_resenas,positivas,negativas,ultima_resena,tasa_negativas
7,2.3,10,2,7,2026-05-11,70.0
371,2.9,10,2,4,2026-09-28,40.0
62,3.0,10,2,3,2026-06-09,30.0
269,2.5,10,3,6,2026-06-27,60.0
237,2.6,10,2,4,2026-09-06,40.0
289,2.9,10,4,4,2026-07-16,40.0
512,2.5,10,3,7,2026-09-18,70.0
341,2.6666666666666665,9,2,4,2026-07-14,44.44
93,2.888888888888889,9,3,3,2026-09-10,33.33
96,3.3333333333333335,9,5,3,2026-09-07,33.33
360,2.6666666666666665,9,2,3,2026-03-20,33.33
283,2.3333333333333335,9,1,5,2026-07-25,55.56
273,2.5555555555555554,9,2,5,2026-09-16,55.56
556,2.875,8,3,3,2026-05-13,37.5
579,2.625,8,3,5,2026-08-27,62.5
53,3.375,8,3,3,2026-03-01,37.5
347,3.125,8,3,4,2026-08-26,50.0
364,2.625,8,3,4,2026-08-28,50.0
599,2.625,8,3,4,2026-09-05,50.0
127,3.25,8,3,2,2026-07-16,25.0
220,2.625,8,2,4,2026-08-09,50.0
399,3.375,8,4,2,2025-12-19,25.0
266,3.0,8,4,3,2026-06-04,37.5
459,3.375,8,3,2,2026-06-08,25.0
426,3.25,8,4,3,2026-02-08,37.5
