producto,visitas,nombre,categoria,unidades,vendido,ratio_ventas_por_visita
324,2,Monitor Ultrawide Kortex Air,Monitores,252,True,126.0
90,6,All-in-One Lumen Edge,Computadoras,216,True,36.0
236,3,Auriculares Gaming Delta Fury,Audio,155,True,51.667
245,3,Bocina Bluetooth Praxis Max,Audio,111,True,37.0
242,2,Barra de Sonido Praxis Prime,Audio,98,True,49.0
219,5,Audifonos Cobalto Vertex,Audio,95,True,19.0
5,11,All-in-One Nova Max,Computadoras,90,True,8.182
490,3,Teclado Mecanico Cobalto Edge,Accesorios,89,True,29.667
526,2,Adaptador WiFi Praxis Plus,Redes,88,True,44.0
64,3,Mini PC Vertex Air,Computadoras,87,True,29.0
222,3,Barra de Sonido Delta Prime,Audio,83,True,27.667
309,5,Audifonos Auric Core,Audio,82,True,16.4
475,4,Teclado Mecanico Helix Mini,Accesorios,81,True,20.25
547,5,Cable de Red Onyx Lite,Redes,77,True,15.4
529,11,Switch Praxis Core,Redes,75,True,6.818
27,4,Desktop Auric Lite,Computadoras,71,True,17.75
294,2,Audifonos Nova SE,Audio,71,True,35.5
113,2,Foldable Zylo GT,Smartphones,69,True,34.5
482,10,Mousepad Cobalto Prime,Accesorios,63,True,6.3
510,6,Teclado Mecanico Delta Edge,Accesorios,63,True,10.5
435,7,Teclado Mecanico Nimbus Mini,Accesorios,62,True,8.857
399,5,Monitor Ultrawide Zylo Vertex,Monitores,61,True,12.2
296,9,Auriculares Gaming Nova Fury,Audio,60,True,6.667
29,2,Mini PC Auric Core,Computadoras,58,True,29.0
147,7,Smartphone Nimbus Lite Pro,Smartphones,57,True,8.143
437,11,Mousepad Nimbus Pulse,Accesorios,56,True,5.091
20,4,All-in-One Nova One,Computadoras,55,True,13.75
65,3,All-in-One Vertex Max,Computadoras,54,True,18.0
208,2,Foldable Cobalto Ultra,Smartphones,54,True,27.0
165,5,Smartphone Quartz Max,Smartphones,53,True,10.6
343,4,Monitor Gamer Vertex Elite,Monitores,51,True,12.75
573,5,Router Nova GT,Redes,49,True,9.8
418,2,Webcam Orbit Nova,Accesorios,49,True,24.5
453,4,Webcam Quartz GT,Accesorios,48,True,12.0
596,2,Adaptador WiFi Auric Fury,Redes,48,True,24.0
601,11,Adaptador WiFi Kortex Neo,Redes,47,True,4.273
313,4,Monitor Gamer Auric GT,Monitores,46,True,11.5
404,3,Monitor Ultrawide Orbit Air,Monitores,46,True,15.333
557,2,Cable de Red Onyx Pulse,Redes,46,True,23.0
163,2,Foldable Quartz Elite,Smartphones,46,True,23.0
307,3,Barra de Sonido Auric Lite,Audio,45,True,15.0
333,3,Monitor Gamer Kortex GT,Monitores,45,True,15.0
145,8,Smartphone Nimbus Max,Smartphones,44,True,5.5
444,1,Hub USB-C Quartz Air,Accesorios,44,True,44.0
270,6,Bocina Bluetooth Onyx Edge,Audio,43,True,7.167
170,5,Smartphone Quartz Edge,Smartphones,43,True,8.6
462,1,Mousepad Helix Prime,Accesorios,43,True,43.0
531,8,Adaptador WiFi Praxis Zen,Redes,42,True,5.25
424,7,Hub USB-C Nimbus Air,Accesorios,42,True,6.0
234,3,Audifonos Delta SE,Audio,42,True,14.0
215,2,Bocina Bluetooth Cobalto Mini,Audio,42,True,21.0
572,8,Cable de Red Nova Pro,Redes,41,True,5.125
402,5,Monitor Orbit Prime,Monitores,41,True,8.2
391,4,Monitor Portatil Zylo Zen,Monitores,41,True,10.25
467,4,Mousepad Helix Lite,Accesorios,41,True,10.25
558,3,Router Onyx Nova,Redes,41,True,13.667
592,3,Cable de Red Auric Pro,Redes,41,True,13.667
277,2,Barra de Sonido Onyx Pulse,Audio,41,True,20.5
499,2,Hub USB-C Cobalto Vertex,Accesorios,41,True,20.5
179,1,Smartphone Quartz Vertex Lite,Smartphones,41,True,41.0
497,1,Mousepad Cobalto Pulse,Accesorios,41,True,41.0
314,7,Monitor Ultrawide Auric SE,Monitores,40,True,5.714
121,6,Tablet Orbit Neo,Smartphones,40,True,6.667
11,6,Laptop Nova Zen,Computadoras,40,True,6.667
319,6,Monitor Ultrawide Auric Vertex,Monitores,39,True,6.5
598,5,Router Auric Nova,Redes,39,True,7.8
101,2,Laptop Zylo Neo,Computadoras,39,True,19.5
281,3,Auriculares Gaming Nova Neo,Audio,38,True,12.667
321,2,Monitor Portatil Kortex Neo,Monitores,38,True,19.0
280,5,Bocina Bluetooth Onyx One,Audio,36,True,7.2
196,2,Tablet Helix Fury,Smartphones,36,True,18.0
566,5,Adaptador WiFi Nova Plus,Redes,35,True,7.0
405,5,Monitor 4K Orbit Max,Monitores,35,True,7.0
216,2,Auriculares Gaming Cobalto Fury,Audio,35,True,17.5
515,2,Teclado Mecanico Delta Mini,Accesorios,35,True,17.5
119,2,Smartphone Zylo Vertex Lite,Smartphones,35,True,17.5
155,2,Smartphone Nimbus Mini,Smartphones,35,True,17.5
54,2,Mini PC Kortex SE,Computadoras,35,True,17.5
318,1,Monitor Gamer Auric Nova,Monitores,35,True,35.0
517,5,Mousepad Delta Pulse,Accesorios,34,True,6.8
369,4,Monitor Ultrawide Lumen Core,Monitores,34,True,8.5
599,2,Switch Auric Vertex,Redes,34,True,17.0
320,2,Monitor 4K Auric One,Monitores,34,True,17.0
355,1,Monitor 4K Vertex Mini,Monitores,34,True,34.0
295,8,Bocina Bluetooth Nova Mini,Audio,33,True,4.125
441,6,Mouse Quartz Neo,Accesorios,33,True,5.5
218,5,Microfono Cobalto Nova,Audio,33,True,6.6
153,5,Foldable Nimbus GT,Smartphones,33,True,6.6
69,4,Mini PC Vertex Core,Computadoras,33,True,8.25
47,4,Desktop Kortex Lite,Computadoras,33,True,8.25
373,2,Monitor Gamer Lumen GT,Monitores,33,True,16.5
14,4,Mini PC Nova SE,Computadoras,32,True,8.0
19,3,Mini PC Nova Vertex,Computadoras,32,True,10.667
323,2,Monitor Gamer Kortex Elite,Monitores,32,True,16.0
359,2,Monitor Ultrawide Vertex Vertex,Monitores,32,True,16.0
414,2,Monitor Ultrawide Orbit SE,Monitores,32,True,16.0
83,6,Workstation Lumen Elite,Computadoras,31,True,5.167
148,2,Foldable Nimbus Ultra,Smartphones,31,True,15.5
59,2,Mini PC Kortex Vertex,Computadoras,31,True,15.5
118,1,Foldable Zylo Nova,Smartphones,31,True,31.0
224,1,Audifonos Delta Air,Audio,31,True,31.0
125,7,Smartphone Orbit Max,Smartphones,30,True,4.286
209,4,Audifonos Cobalto Core,Audio,30,True,7.5
434,2,Hub USB-C Nimbus SE,Accesorios,30,True,15.0
187,10,Smartphone Helix Lite Pro,Smartphones,29,True,2.9
171,5,Tablet Quartz Zen,Smartphones,29,True,5.8
570,2,Access Point Nova Edge,Redes,29,True,14.5
505,2,Teclado Mecanico Delta Max,Accesorios,29,True,14.5
487,2,Mousepad Cobalto Lite,Accesorios,29,True,14.5
143,1,Foldable Nimbus Elite,Smartphones,29,True,29.0
382,6,Monitor Zylo Prime,Monitores,28,True,4.667
36,4,Laptop Auric Fury,Computadoras,27,True,6.75
344,4,Monitor Ultrawide Vertex Air,Monitores,27,True,6.75
228,1,Microfono Delta Ultra,Audio,27,True,27.0
546,1,Adaptador WiFi Onyx Plus,Redes,27,True,27.0
604,8,Switch Kortex Air,Redes,26,True,3.25
238,5,Microfono Delta Nova,Audio,26,True,5.2
354,3,Monitor Ultrawide Vertex SE,Monitores,26,True,8.667
450,2,Teclado Mecanico Quartz Edge,Accesorios,26,True,13.0
329,1,Monitor Ultrawide Kortex Core,Monitores,26,True,26.0
98,1,Workstation Lumen Nova,Computadoras,26,True,26.0
149,3,Smartphone Nimbus Core Lite,Smartphones,25,True,8.333
108,2,Foldable Zylo Ultra,Smartphones,25,True,12.5
388,1,Monitor Gamer Zylo Ultra,Monitores,25,True,25.0
190,1,Smartphone Helix Edge,Smartphones,25,True,25.0
21,1,Laptop Auric Neo,Computadoras,25,True,25.0
549,9,Switch Onyx Core,Redes,24,True,2.667
347,8,Monitor Vertex Lite,Monitores,24,True,3.0
445,5,Teclado Mecanico Quartz Max,Accesorios,24,True,4.8
516,4,Mouse Delta Fury,Accesorios,24,True,6.0
251,4,Auriculares Gaming Praxis Zen,Audio,24,True,6.0
292,4,Barra de Sonido Nova Pro,Audio,24,True,6.0
409,4,Monitor Ultrawide Orbit Core,Monitores,24,True,6.0
166,4,Tablet Quartz Plus,Smartphones,24,True,6.0
4,3,Mini PC Nova Air,Computadoras,24,True,8.0
78,2,Workstation Vertex Nova,Computadoras,24,True,12.0
301,2,Auriculares Gaming Auric Neo,Audio,24,True,12.0
356,2,Monitor Portatil Vertex Fury,Monitores,24,True,12.0
428,2,Webcam Nimbus Ultra,Accesorios,24,True,12.0
235,1,Bocina Bluetooth Delta Mini,Audio,24,True,24.0
429,7,Hub USB-C Nimbus Core,Accesorios,23,True,3.286
568,4,Router Nova Ultra,Redes,23,True,5.75
496,4,Mouse Cobalto Fury,Accesorios,23,True,5.75
477,3,Mousepad Helix Pulse,Accesorios,23,True,7.667
454,3,Hub USB-C Quartz SE,Accesorios,23,True,7.667
317,3,Monitor Auric Pulse,Monitores,23,True,7.667
84,2,Mini PC Lumen Air,Computadoras,23,True,11.5
432,2,Mousepad Nimbus Pro,Accesorios,23,True,11.5
381,2,Monitor Portatil Zylo Neo,Monitores,23,True,11.5
291,5,Auriculares Gaming Nova Zen,Audio,22,True,4.4
607,5,Cable de Red Kortex Lite,Redes,22,True,4.4
519,4,Switch Delta Vertex,Redes,22,True,5.5
542,3,Cable de Red Onyx Prime,Redes,22,True,7.333
68,3,Workstation Vertex Ultra,Computadoras,22,True,7.333
594,3,Switch Auric SE,Redes,22,True,7.333
266,3,Auriculares Gaming Onyx Plus,Audio,22,True,7.333
593,2,Router Auric GT,Redes,22,True,11.0
465,2,Teclado Mecanico Helix Max,Accesorios,22,True,11.0
335,1,Monitor 4K Kortex Mini,Monitores,22,True,22.0
353,1,Monitor Gamer Vertex GT,Monitores,22,True,22.0
537,1,Cable de Red Praxis Pulse,Redes,22,True,22.0
66,1,Laptop Vertex Plus,Computadoras,22,True,22.0
25,1,All-in-One Auric Max,Computadoras,22,True,22.0
548,4,Router Onyx Ultra,Redes,21,True,5.25
73,4,Workstation Vertex GT,Computadoras,21,True,5.25
158,3,Foldable Nimbus Nova,Smartphones,21,True,7.0
272,3,Barra de Sonido Onyx Pro,Audio,21,True,7.0
273,2,Microfono Onyx GT,Audio,21,True,10.5
379,2,Monitor Ultrawide Lumen Vertex,Monitores,21,True,10.5
392,1,Monitor Zylo Pro,Monitores,21,True,21.0
433,1,Webcam Nimbus GT,Accesorios,21,True,21.0
226,1,Auriculares Gaming Delta Plus,Audio,21,True,21.0
560,9,Access Point Onyx One,Redes,20,True,2.222
586,4,Adaptador WiFi Auric Plus,Redes,20,True,5.0
476,3,Mouse Helix Fury,Accesorios,20,True,6.667
263,3,Microfono Onyx Elite,Audio,20,True,6.667
300,2,Bocina Bluetooth Nova One,Audio,20,True,10.0
174,2,Smartphone Quartz SE Lite,Smartphones,20,True,10.0
204,1,Smartphone Cobalto Air Lite,Smartphones,20,True,20.0
223,1,Microfono Delta Elite,Audio,20,True,20.0
96,1,Laptop Lumen Fury,Computadoras,20,True,20.0
595,1,Access Point Auric Mini,Redes,20,True,20.0
150,2,Smartphone Nimbus Edge,Smartphones,19,True,9.5
32,2,Desktop Auric Pro,Computadoras,19,True,9.5
175,1,Smartphone Quartz Mini,Smartphones,19,True,19.0
340,5,Monitor 4K Kortex One,Monitores,18,True,3.6
485,4,Teclado Mecanico Cobalto Max,Accesorios,18,True,4.5
81,2,Laptop Lumen Neo,Computadoras,18,True,9.0
253,2,Microfono Praxis GT,Audio,18,True,9.0
259,2,Audifonos Praxis Vertex,Audio,18,True,9.0
448,1,Webcam Quartz Ultra,Accesorios,18,True,18.0
105,1,Smartphone Zylo Max,Smartphones,18,True,18.0
446,3,Mouse Quartz Plus,Accesorios,17,True,5.667
274,3,Audifonos Onyx SE,Audio,17,True,5.667
230,2,Bocina Bluetooth Delta Edge,Audio,17,True,8.5
471,2,Mouse Helix Zen,Accesorios,17,True,8.5
393,2,Monitor Gamer Zylo GT,Monitores,17,True,8.5
41,2,Laptop Kortex Neo,Computadoras,17,True,8.5
431,1,Mouse Nimbus Zen,Accesorios,17,True,17.0
169,1,Smartphone Quartz Core Lite,Smartphones,17,True,17.0
315,1,Monitor 4K Auric Mini,Monitores,17,True,17.0
233,1,Microfono Delta GT,Audio,17,True,17.0
2,1,Desktop Nova Prime,Computadoras,17,True,17.0
55,7,All-in-One Kortex Mini,Computadoras,16,True,2.286
366,5,Monitor Portatil Lumen Plus,Monitores,16,True,3.2
112,3,Smartphone Zylo Pro Pro,Smartphones,16,True,5.333
447,3,Mousepad Quartz Lite,Accesorios,16,True,5.333
246,2,Auriculares Gaming Praxis Plus,Audio,16,True,8.0
352,2,Monitor Vertex Pro,Monitores,16,True,8.0
140,2,Smartphone Orbit One,Smartphones,16,True,8.0
362,2,Monitor Lumen Prime,Monitores,16,True,8.0
30,2,All-in-One Auric Edge,Computadoras,16,True,8.0
35,1,All-in-One Auric Mini,Computadoras,16,True,16.0
205,1,Smartphone Cobalto Max,Smartphones,16,True,16.0
210,1,Bocina Bluetooth Cobalto Edge,Audio,16,True,16.0
342,1,Monitor Vertex Prime,Monitores,16,True,16.0
500,1,Teclado Mecanico Cobalto One,Accesorios,16,True,16.0
325,1,Monitor 4K Kortex Max,Monitores,16,True,16.0
349,9,Monitor Ultrawide Vertex Core,Monitores,15,True,1.667
286,8,Auriculares Gaming Nova Plus,Audio,15,True,1.875
139,3,Smartphone Orbit Vertex Lite,Smartphones,15,True,5.0
470,2,Teclado Mecanico Helix Edge,Accesorios,15,True,7.5
367,2,Monitor Lumen Lite,Monitores,15,True,7.5
177,2,Smartphone Quartz Pulse Pro,Smartphones,15,True,7.5
608,1,Router Kortex Ultra,Redes,15,True,15.0
195,1,Smartphone Helix Mini,Smartphones,15,True,15.0
271,1,Auriculares Gaming Onyx Zen,Audio,15,True,15.0
569,1,Switch Nova Core,Redes,15,True,15.0
206,4,Tablet Cobalto Plus,Smartphones,14,True,3.5
534,3,Switch Praxis SE,Redes,14,True,4.667
583,1,Router Auric Elite,Redes,14,True,14.0
372,1,Monitor Lumen Pro,Monitores,14,True,14.0
415,1,Teclado Mecanico Orbit Mini,Accesorios,14,True,14.0
217,1,Barra de Sonido Cobalto Pulse,Audio,14,True,14.0
276,1,Auriculares Gaming Onyx Fury,Audio,14,True,14.0
590,1,Access Point Auric Edge,Redes,14,True,14.0
102,8,Desktop Zylo Prime,Computadoras,13,True,1.625
104,5,Mini PC Zylo Air,Computadoras,13,True,2.6
520,4,Access Point Delta One,Redes,13,True,3.25
77,2,Desktop Vertex Pulse,Computadoras,13,True,6.5
162,2,Smartphone Quartz Prime Pro,Smartphones,13,True,6.5
38,1,Workstation Auric Nova,Computadoras,13,True,13.0
331,1,Monitor Portatil Kortex Zen,Monitores,13,True,13.0
221,1,Auriculares Gaming Delta Neo,Audio,13,True,13.0
513,1,Webcam Delta GT,Accesorios,13,True,13.0
88,1,Workstation Lumen Ultra,Computadoras,13,True,13.0
241,1,Auriculares Gaming Praxis Neo,Audio,13,True,13.0
299,4,Audifonos Nova Vertex,Audio,12,True,3.0
79,2,Mini PC Vertex Vertex,Computadoras,12,True,6.0
464,2,Hub USB-C Helix Air,Accesorios,12,True,6.0
42,1,Desktop Kortex Prime,Computadoras,12,True,12.0
188,1,Foldable Helix Ultra,Smartphones,12,True,12.0
110,1,Smartphone Zylo Edge,Smartphones,12,True,12.0
304,1,Audifonos Auric Air,Audio,12,True,12.0
535,1,Access Point Praxis Mini,Redes,12,True,12.0
26,1,Laptop Auric Plus,Computadoras,12,True,12.0
146,5,Tablet Nimbus Plus,Smartphones,11,True,2.2
588,3,Router Auric Ultra,Redes,11,True,3.667
80,3,All-in-One Vertex One,Computadoras,11,True,3.667
495,3,Teclado Mecanico Cobalto Mini,Accesorios,11,True,3.667
461,3,Mouse Helix Neo,Accesorios,11,True,3.667
173,3,Foldable Quartz GT,Smartphones,11,True,3.667
184,3,Smartphone Helix Air Lite,Smartphones,11,True,3.667
330,3,Monitor 4K Kortex Edge,Monitores,11,True,3.667
488,2,Webcam Cobalto Ultra,Accesorios,11,True,5.5
197,2,Smartphone Helix Pulse Pro,Smartphones,11,True,5.5
192,1,Smartphone Helix Pro Pro,Smartphones,11,True,11.0
427,1,Mousepad Nimbus Lite,Accesorios,11,True,11.0
468,1,Webcam Helix Ultra,Accesorios,11,True,11.0
126,1,Tablet Orbit Plus,Smartphones,11,True,11.0
421,3,Mouse Nimbus Neo,Accesorios,10,True,3.333
176,3,Tablet Quartz Fury,Smartphones,10,True,3.333
240,2,Bocina Bluetooth Delta One,Audio,10,True,5.0
288,2,Microfono Nova Ultra,Audio,10,True,5.0
512,2,Mousepad Delta Pro,Accesorios,10,True,5.0
371,2,Monitor Portatil Lumen Zen,Monitores,10,True,5.0
416,2,Mouse Orbit Fury,Accesorios,10,True,5.0
377,2,Monitor Lumen Pulse,Monitores,10,True,5.0
44,2,Mini PC Kortex Air,Computadoras,10,True,5.0
255,2,Bocina Bluetooth Praxis Mini,Audio,10,True,5.0
351,1,Monitor Portatil Vertex Zen,Monitores,10,True,10.0
67,1,Desktop Vertex Lite,Computadoras,10,True,10.0
577,1,Cable de Red Nova Pulse,Redes,10,True,10.0
508,3,Webcam Delta Ultra,Accesorios,9,True,3.0
92,2,Desktop Lumen Pro,Computadoras,9,True,4.5
602,1,Cable de Red Kortex Prime,Redes,9,True,9.0
257,1,Barra de Sonido Praxis Pulse,Audio,9,True,9.0
52,1,Desktop Kortex Pro,Computadoras,9,True,9.0
341,1,Monitor Portatil Vertex Neo,Monitores,9,True,9.0
122,1,Smartphone Orbit Prime Pro,Smartphones,9,True,9.0
498,1,Webcam Cobalto Nova,Accesorios,9,True,9.0
287,1,Barra de Sonido Nova Lite,Audio,9,True,9.0
76,1,Laptop Vertex Fury,Computadoras,9,True,9.0
571,1,Adaptador WiFi Nova Zen,Redes,9,True,9.0
254,5,Audifonos Praxis SE,Audio,8,True,1.6
370,3,Monitor 4K Lumen Edge,Monitores,8,True,2.667
426,3,Mouse Nimbus Plus,Accesorios,8,True,2.667
183,3,Foldable Helix Elite,Smartphones,8,True,2.667
214,3,Audifonos Cobalto SE,Audio,8,True,2.667
338,2,Monitor Gamer Kortex Nova,Monitores,8,True,4.0
185,2,Smartphone Helix Max,Smartphones,8,True,4.0
262,2,Barra de Sonido Onyx Prime,Audio,8,True,4.0
34,1,Mini PC Auric SE,Computadoras,8,True,8.0
267,1,Barra de Sonido Onyx Lite,Audio,8,True,8.0
56,1,Laptop Kortex Fury,Computadoras,8,True,8.0
57,1,Desktop Kortex Pulse,Computadoras,8,True,8.0
131,1,Tablet Orbit Zen,Smartphones,8,True,8.0
327,1,Monitor Kortex Lite,Monitores,8,True,8.0
95,1,All-in-One Lumen Mini,Computadoras,8,True,8.0
311,1,Auriculares Gaming Auric Zen,Audio,8,True,8.0
72,1,Desktop Vertex Pro,Computadoras,8,True,8.0
37,1,Desktop Auric Pulse,Computadoras,8,True,8.0
86,7,Laptop Lumen Plus,Computadoras,7,True,1.0
237,4,Barra de Sonido Delta Pulse,Audio,7,True,1.75
375,4,Monitor 4K Lumen Mini,Monitores,7,True,1.75
489,4,Hub USB-C Cobalto Core,Accesorios,7,True,1.75
575,3,Access Point Nova Mini,Redes,7,True,2.333
231,3,Auriculares Gaming Delta Zen,Audio,7,True,2.333
310,3,Bocina Bluetooth Auric Edge,Audio,7,True,2.333
203,2,Foldable Cobalto Elite,Smartphones,7,True,3.5
398,2,Monitor Gamer Zylo Nova,Monitores,7,True,3.5
58,2,Workstation Kortex Nova,Computadoras,7,True,3.5
168,1,Foldable Quartz Ultra,Smartphones,7,True,7.0
438,1,Webcam Nimbus Nova,Accesorios,7,True,7.0
275,1,Bocina Bluetooth Onyx Mini,Audio,7,True,7.0
395,4,Monitor 4K Zylo Mini,Monitores,6,True,1.5
128,4,Foldable Orbit Ultra,Smartphones,6,True,1.5
358,3,Monitor Gamer Vertex Nova,Monitores,6,True,2.0
603,3,Router Kortex Elite,Redes,6,True,2.0
302,2,Barra de Sonido Auric Prime,Audio,6,True,3.0
89,2,Mini PC Lumen Core,Computadoras,6,True,3.0
514,2,Hub USB-C Delta SE,Accesorios,6,True,3.0
406,2,Monitor Portatil Orbit Plus,Monitores,6,True,3.0
582,2,Cable de Red Auric Prime,Redes,6,True,3.0
48,2,Workstation Kortex Ultra,Computadoras,6,True,3.0
605,2,Access Point Kortex Max,Redes,6,True,3.0
50,1,All-in-One Kortex Edge,Computadoras,6,True,6.0
417,1,Mousepad Orbit Pulse,Accesorios,6,True,6.0
449,1,Hub USB-C Quartz Core,Accesorios,6,True,6.0
521,1,Adaptador WiFi Praxis Neo,Redes,6,True,6.0
312,1,Monitor Auric Pro,Monitores,6,True,6.0
285,1,Bocina Bluetooth Nova Max,Audio,6,True,6.0
378,7,Monitor Gamer Lumen Nova,Monitores,5,True,0.714
390,7,Monitor 4K Zylo Edge,Monitores,5,True,0.714
473,6,Webcam Helix GT,Accesorios,5,True,0.833
439,5,Hub USB-C Nimbus Vertex,Accesorios,5,True,1.0
117,3,Smartphone Zylo Pulse Pro,Smartphones,5,True,1.667
525,2,Access Point Praxis Max,Redes,5,True,2.5
584,1,Switch Auric Air,Redes,5,True,5.0
376,1,Monitor Portatil Lumen Fury,Monitores,5,True,5.0
410,1,Monitor 4K Orbit Edge,Monitores,5,True,5.0
154,1,Smartphone Nimbus SE Lite,Smartphones,5,True,5.0
451,1,Mouse Quartz Zen,Accesorios,5,True,5.0
348,1,Monitor Gamer Vertex Ultra,Monitores,5,True,5.0
106,1,Tablet Zylo Plus,Smartphones,5,True,5.0
554,1,Switch Onyx SE,Redes,5,True,5.0
17,1,Desktop Nova Pulse,Computadoras,5,True,5.0
545,5,Access Point Onyx Max,Redes,4,True,0.8
463,3,Webcam Helix Elite,Accesorios,4,True,1.333
509,2,Hub USB-C Delta Core,Accesorios,4,True,2.0
129,2,Smartphone Orbit Core Lite,Smartphones,4,True,2.0
180,1,Smartphone Quartz One,Smartphones,4,True,4.0
199,1,Smartphone Helix Vertex Lite,Smartphones,4,True,4.0
483,1,Webcam Cobalto Elite,Accesorios,4,True,4.0
567,1,Cable de Red Nova Lite,Redes,4,True,4.0
481,3,Mouse Cobalto Neo,Accesorios,3,True,1.0
135,3,Smartphone Orbit Mini,Smartphones,3,True,1.0
60,2,All-in-One Kortex One,Computadoras,3,True,1.5
258,2,Microfono Praxis Nova,Audio,3,True,1.5
157,1,Smartphone Nimbus Pulse Pro,Smartphones,3,True,3.0
130,1,Smartphone Orbit Edge,Smartphones,3,True,3.0
332,1,Monitor Kortex Pro,Monitores,3,True,3.0
579,1,Switch Nova Vertex,Redes,3,True,3.0
308,4,Microfono Auric Ultra,Audio,2,True,0.5
82,4,Desktop Lumen Prime,Computadoras,2,True,0.5
551,2,Adaptador WiFi Onyx Zen,Redes,2,True,1.0
368,2,Monitor Gamer Lumen Ultra,Monitores,2,True,1.0
198,1,Foldable Helix Nova,Smartphones,2,True,2.0
213,1,Microfono Cobalto GT,Audio,2,True,2.0
136,1,Tablet Orbit Fury,Smartphones,2,True,2.0
336,1,Monitor Portatil Kortex Fury,Monitores,2,True,2.0
507,1,Mousepad Delta Lite,Accesorios,2,True,2.0
97,1,Desktop Lumen Pulse,Computadoras,2,True,2.0
528,1,Router Praxis Ultra,Redes,2,True,2.0
597,1,Cable de Red Auric Pulse,Redes,2,True,2.0
182,1,Smartphone Helix Prime Pro,Smartphones,1,True,1.0
201,1,Tablet Cobalto Neo,Smartphones,1,True,1.0
229,1,Audifonos Delta Core,Audio,1,True,1.0
328,1,Monitor Gamer Kortex Ultra,Monitores,1,True,1.0
298,1,Microfono Nova Nova,Audio,1,True,1.0
305,1,Bocina Bluetooth Auric Max,Audio,1,True,1.0
550,1,Access Point Onyx Edge,Redes,1,True,1.0
609,23,Switch Kortex Core,Redes,0,False,0.0
616,22,Adaptador WiFi Kortex Fury,Redes,0,False,0.0
614,21,Switch Kortex SE,Redes,0,False,0.0
613,19,Router Kortex GT,Redes,0,False,0.0
615,15,Access Point Kortex Mini,Redes,0,False,0.0
611,15,Adaptador WiFi Kortex Zen,Redes,0,False,0.0
612,15,Cable de Red Kortex Pro,Redes,0,False,0.0
617,14,Cable de Red Kortex Pulse,Redes,0,False,0.0
619,14,Switch Kortex Vertex,Redes,0,False,0.0
618,14,Router Kortex Nova,Redes,0,False,0.0
610,13,Access Point Kortex Edge,Redes,0,False,0.0
581,11,Adaptador WiFi Auric Neo,Redes,0,False,0.0
561,8,Adaptador WiFi Nova Neo,Redes,0,False,0.0
193,8,Foldable Helix GT,Smartphones,0,False,0.0
443,7,Webcam Quartz Elite,Accesorios,0,False,0.0
75,7,All-in-One Vertex Mini,Computadoras,0,False,0.0
543,7,Router Onyx Elite,Redes,0,False,0.0
620,7,Access Point Kortex One,Redes,0,False,0.0
397,6,Monitor Zylo Pulse,Monitores,0,False,0.0
524,6,Switch Praxis Air,Redes,0,False,0.0
326,4,Monitor Portatil Kortex Plus,Monitores,0,False,0.0
530,4,Access Point Praxis Edge,Redes,0,False,0.0
364,4,Monitor Ultrawide Lumen Air,Monitores,0,False,0.0
540,3,Access Point Praxis One,Redes,0,False,0.0
504,3,Hub USB-C Delta Air,Accesorios,0,False,0.0
99,3,Mini PC Lumen Vertex,Computadoras,0,False,0.0
115,3,Smartphone Zylo Mini,Smartphones,0,False,0.0
1,2,Laptop Nova Neo,Computadoras,0,False,0.0
576,2,Adaptador WiFi Nova Fury,Redes,0,False,0.0
283,2,Microfono Nova Elite,Audio,0,False,0.0
252,2,Barra de Sonido Praxis Pro,Audio,0,False,0.0
532,2,Cable de Red Praxis Pro,Redes,0,False,0.0
523,2,Router Praxis Elite,Redes,0,False,0.0
506,2,Mouse Delta Plus,Accesorios,0,False,0.0
491,2,Mouse Cobalto Zen,Accesorios,0,False,0.0
486,2,Mouse Cobalto Plus,Accesorios,0,False,0.0
480,2,Teclado Mecanico Helix One,Accesorios,0,False,0.0
479,2,Hub USB-C Helix Vertex,Accesorios,0,False,0.0
28,1,Workstation Auric Ultra,Computadoras,0,False,0.0
10,1,All-in-One Nova Edge,Computadoras,0,False,0.0
387,1,Monitor Zylo Lite,Monitores,0,False,0.0
401,1,Monitor Portatil Orbit Neo,Monitores,0,False,0.0
186,1,Tablet Helix Plus,Smartphones,0,False,0.0
422,1,Mousepad Nimbus Prime,Accesorios,0,False,0.0
152,1,Smartphone Nimbus Pro Pro,Smartphones,0,False,0.0
161,1,Tablet Quartz Neo,Smartphones,0,False,0.0
141,1,Tablet Nimbus Neo,Smartphones,0,False,0.0
142,1,Smartphone Nimbus Prime Pro,Smartphones,0,False,0.0
452,1,Mousepad Quartz Pro,Accesorios,0,False,0.0
457,1,Mousepad Quartz Pulse,Accesorios,0,False,0.0
337,1,Monitor Kortex Pulse,Monitores,0,False,0.0
460,1,Teclado Mecanico Quartz One,Accesorios,0,False,0.0
114,1,Smartphone Zylo SE Lite,Smartphones,0,False,0.0
116,1,Tablet Zylo Fury,Smartphones,0,False,0.0
225,1,Bocina Bluetooth Delta Max,Audio,0,False,0.0
227,1,Barra de Sonido Delta Lite,Audio,0,False,0.0
85,1,All-in-One Lumen Max,Computadoras,0,False,0.0
536,1,Adaptador WiFi Praxis Fury,Redes,0,False,0.0
538,1,Router Praxis Nova,Redes,0,False,0.0
539,1,Switch Praxis Vertex,Redes,0,False,0.0
553,1,Router Onyx GT,Redes,0,False,0.0
248,1,Microfono Praxis Ultra,Audio,0,False,0.0
585,1,Access Point Auric Max,Redes,0,False,0.0
