anio_mes,facturacion,pedidos,unidades,clientes,descuentos,ticket_promedio,unidades_por_pedido,crecimiento_mom,mes_incompleto
2024-01,3040098.31,31,227,30,34743.1,98067.68741935484,7.32258064516129,,False
2024-02,2482017.26,32,226,32,27205.32,77563.039375,7.0625,-18.357335621820738,False
2024-03,2415392.12,35,251,35,25831.73,69011.20342857143,7.171428571428572,-2.6843141292256623,False
2024-04,3558192.46,32,213,32,36717.01,111193.514375,6.65625,47.31324287006451,False
2024-05,3720989.4899999998,49,288,49,92478.54,75938.56102040816,5.877551020408164,4.575273311663408,False
2024-06,3741737.9699999997,40,376,40,62174.65,93543.44924999999,9.4,0.5576065198722224,False
2024-07,2701449.86,36,260,36,36147.24,75040.27388888889,7.222222222222222,-27.802270451343226,False
2024-08,6099562.33,62,465,60,86206.75,98380.03758064516,7.5,125.78847086208738,False
2024-09,3779737.66,37,238,36,50596.99,102155.0718918919,6.4324324324324325,-38.0326414337994,False
2024-10,3147695.5300000003,50,365,50,42845.32,62953.9106,7.3,-16.721851801746467,False
2024-11,3028191.64,49,328,48,31588.84,61799.829387755104,6.6938775510204085,-3.796551758613076,False
2024-12,3106482.54,49,297,48,39860.51,63397.60285714286,6.061224489795919,2.5854011009686317,False
2025-01,3713874.65,42,302,42,42092.22,88425.5869047619,7.190476190476191,19.552407012723783,False
2025-02,4704555.01,43,378,42,43469.8,109408.25604651163,8.790697674418604,26.675115704295504,False
2025-03,2314468.83,38,250,38,35380.27,60907.07447368421,6.578947368421052,-50.80366102467999,False
2025-04,3721087.36,50,389,49,31659.66,74421.7472,7.78,60.77500425875253,False
2025-05,4470603.21,41,313,41,25340.09,109039.10268292682,7.634146341463414,20.14238789599394,False
2025-06,1916023.67,38,263,38,23234.95,50421.67552631579,6.921052631578948,-57.14171936095398,False
2025-07,3271648.41,40,253,40,46220.77,81791.21025,6.325,70.75198293348852,False
2025-08,3474305.9299999997,49,287,48,54073.34,70904.20265306122,5.857142857142857,6.1943550957543,False
2025-09,5175444.22,52,388,51,49494.21,99527.77346153845,7.461538461538462,48.96339943212773,False
2025-10,5923310.38,55,466,55,65101.75,107696.55236363637,8.472727272727273,14.450279593584337,False
2025-11,2561309.7399999998,39,269,38,57146.7,65674.60871794871,6.897435897435898,-56.75881262869091,False
2025-12,3883449.94,43,279,42,59670.62,90312.78930232557,6.488372093023256,51.61969204083847,False
2026-01,4857395.86,45,352,45,56874.98,107942.13022222223,7.822222222222222,25.07939937549446,False
2026-02,3473276.17,40,313,40,43878.41,86831.90424999999,7.825,-28.495097576832052,False
2026-03,4049177.63,45,384,44,39686.25,89981.72511111111,8.533333333333333,16.580929123179967,False
2026-04,3450763.83,46,364,45,50334.0,75016.605,7.913043478260869,-14.778650251507974,False
2026-05,5614149.05,56,436,55,64565.3,100252.66160714286,7.785714285714286,62.69293775459561,False
2026-06,5753247.29,58,435,56,52168.89,99193.91879310345,7.5,2.477637105128161,False
2026-07,4879872.99,58,440,56,48934.39,84135.74120689655,7.586206896551724,-15.180545107422283,False
2026-08,4287333.65,48,324,47,53655.85,89319.45104166667,6.75,-12.142515619038685,False
2026-09,4294358.16,48,295,48,54762.65,89465.795,6.145833333333333,0.1638433248599469,False
2026-10,96930.57999999999,1,9,1,879.35,96930.57999999999,9.0,-97.7428389438295,False
2026-11,44605.6,1,2,1,0.0,44605.6,2.0,-53.98191159074875,False
2026-12,583467.1799999999,5,57,5,9271.85,116693.43599999999,11.4,1208.0581361981456,True
