id_producto,visitas,unidades,nombre,categoria,precio
324,2.0,252.0,Monitor Ultrawide Kortex Air,Monitores,4902.47
90,6.0,216.0,All-in-One Lumen Edge,Computadoras,55867.02
236,3.0,155.0,Auriculares Gaming Delta Fury,Audio,3329.05
123,0.0,151.0,Foldable Orbit Elite,Smartphones,18645.0
245,3.0,111.0,Bocina Bluetooth Praxis Max,Audio,3654.56
242,2.0,98.0,BARRA DE SONIDO PRAXIS PRIME,Audio,975.73
219,5.0,95.0,Audifonos Cobalto Vertex,Audio,404.0
5,11.0,90.0,All-in-One Nova Max,Computadoras,26069.66
490,3.0,89.0,Teclado Mecanico Cobalto Edge,Accesorios,701.76
526,2.0,88.0,Adaptador WiFi Praxis Plus,Redes,7635.84
64,3.0,87.0,Mini PC Vertex Air,Computadoras,13895.81
222,3.0,83.0,Barra de Sonido Delta Prime,Audio,5707.81
309,5.0,82.0,Audifonos Auric Core,Audio,579.38
475,4.0,81.0,Teclado Mecanico Helix Mini,Accesorios,2554.85
547,5.0,77.0,Cable de Red Onyx Lite,Redes,622.58
529,11.0,75.0,Switch Praxis Core,Redes,2494.4
294,2.0,71.0,Audifonos Nova SE,Audio,755.89
27,4.0,71.0,Desktop Auric Lite,Computadoras,26993.41
113,2.0,69.0,Foldable Zylo GT,Smartphones,24816.71
510,6.0,63.0,Teclado Mecanico Delta Edge,Accesorios,307.0
482,10.0,63.0,Mousepad Cobalto Prime,Accesorios,1201.93
435,7.0,62.0,Teclado Mecanico Nimbus Mini,Accesorios,235.67
399,5.0,61.0,Monitor Ultrawide Zylo Vertex,Monitores,26570.51
296,9.0,60.0,Auriculares Gaming Nova Fury,Audio,2185.34
29,2.0,58.0,Mini PC Auric Core,Computadoras,16972.54
147,7.0,57.0,Smartphone Nimbus Lite Pro,Smartphones,8671.49
437,11.0,56.0,Mousepad Nimbus Pulse,Accesorios,2181.84
360,0.0,55.0,Monitor 4K Vertex One,Monitores,13154.0
20,4.0,55.0,All-in-One Nova One,Computadoras,48420.36
18,0.0,55.0,Workstation Nova Nova,Computadoras,49907.0
208,2.0,54.0,Foldable Cobalto Ultra,Smartphones,3669.04
65,3.0,54.0,All-in-One Vertex Max,Computadoras,15736.34
165,5.0,53.0,Smartphone Quartz Max,Smartphones,8728.22
343,4.0,51.0,Monitor Gamer Vertex Elite,Monitores,19021.91
418,2.0,49.0,Webcam Orbit Nova,Accesorios,2576.0
573,5.0,49.0,Router Nova GT,Redes,2616.22
596,2.0,48.0,Adaptador WiFi Auric Fury,Redes,15149.53
453,4.0,48.0,Webcam Quartz GT,Accesorios,1833.28
601,11.0,47.0,Adaptador WiFi Kortex Neo,Redes,2666.31
313,4.0,46.0,Monitor Gamer Auric GT,Monitores,22303.0
404,3.0,46.0,Monitor Ultrawide Orbit Air,Monitores,6531.34
163,2.0,46.0,Foldable Quartz Elite,Smartphones,34985.4
557,2.0,46.0,Cable de Red Onyx Pulse,Redes,700.1
307,3.0,45.0,Barra de Sonido Auric Lite,Audio,1429.76
333,3.0,45.0,Monitor Gamer Kortex GT,Monitores,7242.48
145,8.0,44.0,Smartphone Nimbus Max,Smartphones,41579.07
444,1.0,44.0,Hub USB-C Quartz Air,Accesorios,389.88
462,1.0,43.0,Mousepad Helix Prime,Accesorios,558.61
170,5.0,43.0,Smartphone Quartz Edge,Smartphones,20780.0
270,6.0,43.0,Bocina Bluetooth Onyx Edge,Audio,874.94
215,2.0,42.0,Bocina Bluetooth Cobalto Mini,Audio,1216.35
234,3.0,42.0,Audifonos Delta SE,Audio,1042.83
424,7.0,42.0,Hub USB-C Nimbus Air,Accesorios,1995.03
531,8.0,42.0,Adaptador WiFi Praxis Zen,Redes,2414.15
572,8.0,41.0,Cable de Red Nova Pro,Redes,649.84
467,4.0,41.0,Mousepad Helix Lite,Accesorios,841.05
391,4.0,41.0,Monitor Portatil Zylo Zen,Monitores,11122.21
277,2.0,41.0,Barra de Sonido Onyx Pulse,Audio,7528.53
402,5.0,41.0,Monitor Orbit Prime,Monitores,5207.91
592,3.0,41.0,Cable de Red Auric Pro,Redes,1729.0
558,3.0,41.0,Router Onyx Nova,Redes,2486.26
499,2.0,41.0,Hub USB-C Cobalto Vertex,Accesorios,938.22
497,1.0,41.0,Mousepad Cobalto Pulse,Accesorios,2080.14
179,1.0,41.0,Smartphone Quartz Vertex Lite,Smartphones,24894.74
314,7.0,40.0,Monitor Ultrawide Auric SE,Monitores,15052.0
121,6.0,40.0,TABLET ORBIT NEO,Smartphones,12917.12
11,6.0,40.0,Laptop Nova Zen,Computadoras,13708.0
101,2.0,39.0,Laptop Zylo Neo,Computadoras,36744.16
598,5.0,39.0,Router Auric Nova,Redes,3274.73
319,6.0,39.0,Monitor Ultrawide Auric Vertex,Monitores,3774.97
51,0.0,39.0,Laptop Kortex Zen,Computadoras,68000.0
281,3.0,38.0,Auriculares Gaming Nova Neo,Audio,2873.68
562,0.0,38.0,Cable de Red Nova Prime,Redes,7816.25
321,2.0,38.0,Monitor Portatil Kortex Neo,Monitores,2794.0
196,2.0,36.0,Tablet Helix Fury,Smartphones,6746.66
280,5.0,36.0,Bocina Bluetooth Onyx One,Audio,5190.1
318,1.0,35.0,Monitor Gamer Auric Nova,Monitores,2672.96
405,5.0,35.0,Monitor 4K Orbit Max,Monitores,26381.0
386,0.0,35.0,Monitor Portatil Zylo Plus,Monitores,15529.88
515,2.0,35.0,Teclado Mecanico Delta Mini,Accesorios,3368.72
216,2.0,35.0,Auriculares Gaming Cobalto Fury,Audio,1493.81
54,2.0,35.0,Mini PC Kortex SE,Computadoras,65038.31
501,0.0,35.0,Mouse Delta Neo,Accesorios,480.82
119,2.0,35.0,Smartphone Zylo Vertex Lite,Smartphones,5867.88
566,5.0,35.0,Adaptador WiFi Nova Plus,Redes,7865.94
155,2.0,35.0,Smartphone Nimbus Mini,Smartphones,36068.08
599,2.0,34.0,Switch Auric Vertex,Redes,1634.01
369,4.0,34.0,Monitor Ultrawide Lumen Core,Monitores,8683.55
355,1.0,34.0,Monitor 4K Vertex Mini,Monitores,14691.0
517,5.0,34.0,Mousepad Delta Pulse,Accesorios,2835.58
320,2.0,34.0,Monitor 4K Auric One,Monitores,10504.52
47,4.0,33.0,Desktop Kortex Lite,Computadoras,18423.86
373,2.0,33.0,Monitor Gamer Lumen GT,Monitores,20620.17
441,6.0,33.0,Mouse Quartz Neo,Accesorios,2503.0
218,5.0,33.0,Microfono Cobalto Nova,Audio,2497.5
69,4.0,33.0,Mini PC Vertex Core,Computadoras,33168.84
153,5.0,33.0,Foldable Nimbus GT,Smartphones,35631.03
295,8.0,33.0,Bocina Bluetooth Nova Mini,Audio,2244.9
323,2.0,32.0,Monitor Gamer Kortex Elite,Monitores,2463.84
14,4.0,32.0,Mini PC Nova SE,Computadoras,28475.9
414,2.0,32.0,Monitor Ultrawide Orbit SE,Monitores,27836.07
359,2.0,32.0,Monitor Ultrawide Vertex Vertex,Monitores,16986.9
19,3.0,32.0,Mini PC Nova Vertex,Computadoras,52611.56
224,1.0,31.0,Audifonos Delta Air,Audio,3092.44
148,2.0,31.0,Foldable Nimbus Ultra,Smartphones,9601.21
83,6.0,31.0,Workstation Lumen Elite,Computadoras,56550.9
59,2.0,31.0,Mini PC Kortex Vertex,Computadoras,31948.64
118,1.0,31.0,Foldable Zylo Nova,Smartphones,24476.8
434,2.0,30.0,HUB USB-C NIMBUS SE,Accesorios,2493.0
357,0.0,30.0,Monitor Vertex Pulse,Monitores,11860.0
209,4.0,30.0,AUDIFONOS COBALTO CORE,Audio,5109.77
125,7.0,30.0,Smartphone Orbit Max,Smartphones,5757.78
505,2.0,29.0,Teclado Mecanico Delta Max,Accesorios,1346.46
570,2.0,29.0,Access Point Nova Edge,Redes,2235.17
187,10.0,29.0,Smartphone Helix Lite Pro,Smartphones,15407.88
171,5.0,29.0,Tablet Quartz Zen,Smartphones,4674.34
143,1.0,29.0,Foldable Nimbus Elite,Smartphones,19160.64
487,2.0,29.0,Mousepad Cobalto Lite,Accesorios,1140.99
382,6.0,28.0,Monitor Zylo Prime,Monitores,2447.27
211,0.0,28.0,Auriculares Gaming Cobalto Zen,Audio,2399.2
400,0.0,28.0,Monitor 4K Zylo One,Monitores,2268.61
546,1.0,27.0,Adaptador WiFi Onyx Plus,Redes,2515.65
228,1.0,27.0,Microfono Delta Ultra,Audio,1374.56
36,4.0,27.0,Laptop Auric Fury,Computadoras,28216.0
344,4.0,27.0,Monitor Ultrawide Vertex Air,Monitores,8738.0
544,0.0,26.0,Switch Onyx Air,Redes,13372.76
98,1.0,26.0,Workstation Lumen Nova,Computadoras,39575.72
354,3.0,26.0,Monitor Ultrawide Vertex SE,Monitores,8202.98
329,1.0,26.0,Monitor Ultrawide Kortex Core,Monitores,2798.95
238,5.0,26.0,Microfono Delta Nova,Audio,6129.02
450,2.0,26.0,Teclado Mecanico Quartz Edge,Accesorios,296.55
604,8.0,26.0,Switch Kortex Air,Redes,5124.09
388,1.0,25.0,Monitor Gamer Zylo Ultra,Monitores,5732.64
21,1.0,25.0,Laptop Auric Neo,Computadoras,41665.57
442,0.0,25.0,Mousepad Quartz Prime,Accesorios,803.35
190,1.0,25.0,Smartphone Helix Edge,Smartphones,17229.0
247,0.0,25.0,Barra de Sonido Praxis Lite,Audio,3196.01
108,2.0,25.0,Foldable Zylo Ultra,Smartphones,12828.66
149,3.0,25.0,Smartphone Nimbus Core Lite,Smartphones,27409.46
409,4.0,24.0,Monitor Ultrawide Orbit Core,Monitores,13699.0
301,2.0,24.0,Auriculares Gaming Auric Neo,Audio,911.0
428,2.0,24.0,Webcam Nimbus Ultra,Accesorios,3924.13
445,5.0,24.0,Teclado Mecanico Quartz Max,Accesorios,716.79
4,3.0,24.0,Mini PC Nova Air,Computadoras,59704.35
356,2.0,24.0,Monitor Portatil Vertex Fury,Monitores,10557.55
347,8.0,24.0,Monitor Vertex Lite,Monitores,27599.29
235,1.0,24.0,Bocina Bluetooth Delta Mini,Audio,1119.56
166,4.0,24.0,Tablet Quartz Plus,Smartphones,9127.91
549,9.0,24.0,Switch Onyx Core,Redes,3539.57
78,2.0,24.0,Workstation Vertex Nova,Computadoras,49993.67
516,4.0,24.0,Mouse Delta Fury,Accesorios,1869.02
251,4.0,24.0,Auriculares Gaming Praxis Zen,Audio,2586.41
292,4.0,24.0,Barra de Sonido Nova Pro,Audio,4444.0
568,4.0,23.0,Router Nova Ultra,Redes,7363.71
84,2.0,23.0,Mini PC Lumen Air,Computadoras,16273.21
432,2.0,23.0,Mousepad Nimbus Pro,Accesorios,236.92
454,3.0,23.0,Hub USB-C Quartz SE,Accesorios,333.0
477,3.0,23.0,Mousepad Helix Pulse,Accesorios,185.9
429,7.0,23.0,Hub USB-C Nimbus Core,Accesorios,402.84
167,0.0,23.0,Smartphone Quartz Lite Pro,Smartphones,4609.55
496,4.0,23.0,Mouse Cobalto Fury,Accesorios,1891.04
381,2.0,23.0,Monitor Portatil Zylo Neo,Monitores,3809.89
317,3.0,23.0,Monitor Auric Pulse,Monitores,4957.78
593,2.0,22.0,Router Auric GT,Redes,2171.89
66,1.0,22.0,Laptop Vertex Plus,Computadoras,15233.0
256,0.0,22.0,Auriculares Gaming Praxis Fury,Audio,1021.8
68,3.0,22.0,Workstation Vertex Ultra,Computadoras,17497.71
291,5.0,22.0,Auriculares Gaming Nova Zen,Audio,439.93
502,0.0,22.0,Mousepad Delta Prime,Accesorios,1187.68
266,3.0,22.0,Auriculares Gaming Onyx Plus,Audio,2657.04
465,2.0,22.0,Teclado Mecanico Helix Max,Accesorios,1413.81
25,1.0,22.0,All-in-One Auric Max,Computadoras,44064.36
335,1.0,22.0,Monitor 4K Kortex Mini,Monitores,18537.78
353,1.0,22.0,Monitor Gamer Vertex GT,Monitores,18839.36
607,5.0,22.0,Cable de Red Kortex Lite,Redes,9522.34
542,3.0,22.0,Cable de Red Onyx Prime,Redes,7389.25
594,3.0,22.0,Switch Auric SE,Redes,1737.94
537,1.0,22.0,Cable de Red Praxis Pulse,Redes,2027.4
519,4.0,22.0,Switch Delta Vertex,Redes,2234.16
552,0.0,21.0,Cable de Red Onyx Pro,Redes,6261.42
158,3.0,21.0,Foldable Nimbus Nova,Smartphones,4265.11
548,4.0,21.0,Router Onyx Ultra,Redes,1106.78
433,1.0,21.0,Webcam Nimbus GT,Accesorios,2339.97
272,3.0,21.0,Barra de Sonido Onyx Pro,Audio,4993.05
392,1.0,21.0,Monitor Zylo Pro,Monitores,16781.48
379,2.0,21.0,Monitor Ultrawide Lumen Vertex,Monitores,2571.64
73,4.0,21.0,Workstation Vertex GT,Computadoras,33688.65
226,1.0,21.0,Auriculares Gaming Delta Plus,Audio,3996.67
273,2.0,21.0,Microfono Onyx GT,Audio,2849.98
300,2.0,20.0,Bocina Bluetooth Nova One,Audio,1629.59
476,3.0,20.0,Mouse Helix Fury,Accesorios,484.9
396,0.0,20.0,Monitor Portatil Zylo Fury,Monitores,4864.14
96,1.0,20.0,Laptop Lumen Fury,Computadoras,14490.38
586,4.0,20.0,Adaptador WiFi Auric Plus,Redes,17660.57
263,3.0,20.0,Microfono Onyx Elite,Audio,5730.99
174,2.0,20.0,Smartphone Quartz SE Lite,Smartphones,11259.21
204,1.0,20.0,Smartphone Cobalto Air Lite,Smartphones,17470.25
560,9.0,20.0,Access Point Onyx One,Redes,4585.0
595,1.0,20.0,Access Point Auric Mini,Redes,13669.45
223,1.0,20.0,Microfono Delta Elite,Audio,563.7
32,2.0,19.0,Desktop Auric Pro,Computadoras,56222.67
150,2.0,19.0,Smartphone Nimbus Edge,Smartphones,4357.07
175,1.0,19.0,Smartphone Quartz Mini,Smartphones,6971.32
253,2.0,18.0,Microfono Praxis GT,Audio,4812.8
259,2.0,18.0,Audifonos Praxis Vertex,Audio,625.08
322,0.0,18.0,Monitor Kortex Prime,Monitores,5883.98
81,2.0,18.0,Laptop Lumen Neo,Computadoras,33449.39
105,1.0,18.0,Smartphone Zylo Max,Smartphones,4935.0
340,5.0,18.0,MONITOR 4K KORTEX ONE,Monitores,11113.88
448,1.0,18.0,WEBCAM QUARTZ ULTRA,Accesorios,1395.04
485,4.0,18.0,Teclado Mecanico Cobalto Max,Accesorios,3397.59
393,2.0,17.0,Monitor Gamer Zylo GT,Monitores,2250.85
315,1.0,17.0,Monitor 4K Auric Mini,Monitores,11703.0
2,1.0,17.0,DESKTOP NOVA PRIME,Computadoras,25250.01
41,2.0,17.0,Laptop Kortex Neo,Computadoras,49158.25
233,1.0,17.0,Microfono Delta GT,Audio,1137.67
230,2.0,17.0,Bocina Bluetooth Delta Edge,Audio,2364.0
431,1.0,17.0,Mouse Nimbus Zen,Accesorios,254.94
169,1.0,17.0,Smartphone Quartz Core Lite,Smartphones,4684.61
39,0.0,17.0,Mini PC Auric Vertex,Computadoras,18868.93
45,0.0,17.0,All-in-One Kortex Max,Computadoras,45333.45
274,3.0,17.0,Audifonos Onyx SE,Audio,5610.04
446,3.0,17.0,Mouse Quartz Plus,Accesorios,3256.03
471,2.0,17.0,Mouse Helix Zen,Accesorios,615.8
290,0.0,16.0,Bocina Bluetooth Nova Edge,Audio,3593.11
140,2.0,16.0,Smartphone Orbit One,Smartphones,23235.91
425,0.0,16.0,Teclado Mecanico Nimbus Max,Accesorios,1199.26
205,1.0,16.0,Smartphone Cobalto Max,Smartphones,28895.45
210,1.0,16.0,Bocina Bluetooth Cobalto Edge,Audio,1643.04
500,1.0,16.0,Teclado Mecanico Cobalto One,Accesorios,2257.03
112,3.0,16.0,Smartphone Zylo Pro Pro,Smartphones,10289.22
447,3.0,16.0,Mousepad Quartz Lite,Accesorios,196.0
246,2.0,16.0,Auriculares Gaming Praxis Plus,Audio,639.2
366,5.0,16.0,Monitor Portatil Lumen Plus,Monitores,5166.06
352,2.0,16.0,Monitor Vertex Pro,Monitores,17190.19
342,1.0,16.0,Monitor Vertex Prime,Monitores,7644.17
325,1.0,16.0,Monitor 4K Kortex Max,Monitores,24602.67
362,2.0,16.0,Monitor Lumen Prime,Monitores,20003.47
494,0.0,16.0,Hub USB-C Cobalto SE,Accesorios,2411.1
55,7.0,16.0,All-in-One Kortex Mini,Computadoras,49270.0
484,0.0,16.0,Hub USB-C Cobalto Air,Accesorios,491.44
30,2.0,16.0,All-in-One Auric Edge,Computadoras,20336.55
35,1.0,16.0,All-in-One Auric Mini,Computadoras,22374.88
430,0.0,15.0,Teclado Mecanico Nimbus Edge,Accesorios,999.52
139,3.0,15.0,Smartphone Orbit Vertex Lite,Smartphones,22592.32
286,8.0,15.0,Auriculares Gaming Nova Plus,Audio,713.47
195,1.0,15.0,Smartphone Helix Mini,Smartphones,5464.68
470,2.0,15.0,Teclado Mecanico Helix Edge,Accesorios,610.57
271,1.0,15.0,Auriculares Gaming Onyx Zen,Audio,7591.04
177,2.0,15.0,Smartphone Quartz Pulse Pro,Smartphones,25698.47
608,1.0,15.0,Router Kortex Ultra,Redes,550.0
569,1.0,15.0,Switch Nova Core,Redes,903.22
349,9.0,15.0,Monitor Ultrawide Vertex Core,Monitores,8218.8
367,2.0,15.0,Monitor Lumen Lite,Monitores,2279.64
111,0.0,15.0,Tablet Zylo Zen,Smartphones,7068.08
413,0.0,14.0,Monitor Gamer Orbit GT,Monitores,4440.77
423,0.0,14.0,Webcam Nimbus Elite,Accesorios,250.67
278,0.0,14.0,Microfono Onyx Nova,Audio,1910.5
380,0.0,14.0,Monitor 4K Lumen One,Monitores,25375.31
217,1.0,14.0,Barra de Sonido Cobalto Pulse,Audio,2671.55
206,4.0,14.0,Tablet Cobalto Plus,Smartphones,35845.9
87,0.0,14.0,Desktop Lumen Lite,Computadoras,22796.75
372,1.0,14.0,Monitor Lumen Pro,Monitores,7389.1
534,3.0,14.0,Switch Praxis SE,Redes,2916.16
276,1.0,14.0,Auriculares Gaming Onyx Fury,Audio,468.04
415,1.0,14.0,Teclado Mecanico Orbit Mini,Accesorios,1413.02
590,1.0,14.0,Access Point Auric Edge,Redes,2112.02
583,1.0,14.0,Router Auric Elite,Redes,4356.58
408,0.0,13.0,Monitor Gamer Orbit Ultra,Monitores,25253.16
331,1.0,13.0,Monitor Portatil Kortex Zen,Monitores,12535.65
94,0.0,13.0,Mini PC Lumen SE,Computadoras,58178.52
102,8.0,13.0,DESKTOP ZYLO PRIME,Computadoras,27580.0
513,1.0,13.0,Webcam Delta GT,Accesorios,291.56
38,1.0,13.0,Workstation Auric Nova,Computadoras,32293.58
221,1.0,13.0,Auriculares Gaming Delta Neo,Audio,1737.0
591,0.0,13.0,Adaptador WiFi Auric Zen,Redes,827.84
77,2.0,13.0,Desktop Vertex Pulse,Computadoras,17232.06
520,4.0,13.0,Access Point Delta One,Redes,3360.51
88,1.0,13.0,Workstation Lumen Ultra,Computadoras,29305.0
138,0.0,13.0,Foldable Orbit Nova,Smartphones,7002.61
134,0.0,13.0,Smartphone Orbit SE Lite,Smartphones,3973.0
104,5.0,13.0,Mini PC Zylo Air,Computadoras,38907.41
162,2.0,13.0,Smartphone Quartz Prime Pro,Smartphones,32940.52
241,1.0,13.0,Auriculares Gaming Praxis Neo,Audio,432.19
22,0.0,13.0,Desktop Auric Prime,Computadoras,14001.33
31,0.0,12.0,Laptop Auric Zen,Computadoras,38226.0
26,1.0,12.0,Laptop Auric Plus,Computadoras,53168.01
464,2.0,12.0,Hub USB-C Helix Air,Accesorios,225.0
535,1.0,12.0,Access Point Praxis Mini,Redes,2210.0
13,0.0,12.0,Workstation Nova GT,Computadoras,22061.28
304,1.0,12.0,Audifonos Auric Air,Audio,475.47
299,4.0,12.0,Audifonos Nova Vertex,Audio,1601.0
110,1.0,12.0,Smartphone Zylo Edge,Smartphones,25540.08
188,1.0,12.0,Foldable Helix Ultra,Smartphones,6551.92
79,2.0,12.0,Mini PC Vertex Vertex,Computadoras,54722.42
555,0.0,12.0,Access Point Onyx Mini,Redes,1011.56
578,0.0,12.0,Router Nova Nova,Redes,5427.05
42,1.0,12.0,Desktop Kortex Prime,Computadoras,44549.41
474,0.0,12.0,Hub USB-C Helix SE,Accesorios,3638.88
469,0.0,12.0,Hub USB-C Helix Core,Accesorios,4056.55
533,0.0,11.0,Router Praxis GT,Redes,2016.78
461,3.0,11.0,Mouse Helix Neo,Accesorios,3021.0
192,1.0,11.0,Smartphone Helix Pro Pro,Smartphones,4268.11
197,2.0,11.0,Smartphone Helix Pulse Pro,Smartphones,37861.79
488,2.0,11.0,Webcam Cobalto Ultra,Accesorios,668.51
440,0.0,11.0,Teclado Mecanico Nimbus One,Accesorios,1344.0
458,0.0,11.0,Webcam Quartz Nova,Accesorios,372.52
365,0.0,11.0,Monitor 4K Lumen Max,Monitores,5591.15
297,0.0,11.0,Barra de Sonido Nova Pulse,Audio,3306.83
184,3.0,11.0,Smartphone Helix Air Lite,Smartphones,14525.98
468,1.0,11.0,Webcam Helix Ultra,Accesorios,367.66
146,5.0,11.0,TABLET NIMBUS PLUS,Smartphones,7276.84
495,3.0,11.0,Teclado Mecanico Cobalto Mini,Accesorios,775.96
80,3.0,11.0,All-in-One Vertex One,Computadoras,13070.4
173,3.0,11.0,Foldable Quartz GT,Smartphones,13426.8
126,1.0,11.0,Tablet Orbit Plus,Smartphones,6207.95
588,3.0,11.0,Router Auric Ultra,Redes,11407.11
103,0.0,11.0,Workstation Zylo Elite,Computadoras,17033.51
427,1.0,11.0,Mousepad Nimbus Lite,Accesorios,152.0
330,3.0,11.0,Monitor 4K Kortex Edge,Monitores,7517.64
407,0.0,10.0,Monitor Orbit Lite,Monitores,19163.47
181,0.0,10.0,Tablet Helix Neo,Smartphones,23260.26
421,3.0,10.0,Mouse Nimbus Neo,Accesorios,863.95
577,1.0,10.0,Cable de Red Nova Pulse,Redes,7085.73
371,2.0,10.0,Monitor Portatil Lumen Zen,Monitores,23441.01
377,2.0,10.0,Monitor Lumen Pulse,Monitores,3602.74
351,1.0,10.0,Monitor Portatil Vertex Zen,Monitores,2168.74
240,2.0,10.0,Bocina Bluetooth Delta One,Audio,6081.11
416,2.0,10.0,Mouse Orbit Fury,Accesorios,542.0
288,2.0,10.0,Microfono Nova Ultra,Audio,5296.45
512,2.0,10.0,Mousepad Delta Pro,Accesorios,1287.31
176,3.0,10.0,Tablet Quartz Fury,Smartphones,5435.69
255,2.0,10.0,Bocina Bluetooth Praxis Mini,Audio,9337.0
67,1.0,10.0,Desktop Vertex Lite,Computadoras,15836.0
600,0.0,10.0,Access Point Auric One,Redes,14080.43
493,0.0,10.0,Webcam Cobalto GT,Accesorios,615.51
44,2.0,10.0,Mini PC Kortex Air,Computadoras,32249.2
52,1.0,9.0,Desktop Kortex Pro,Computadoras,38900.13
522,0.0,9.0,Cable de Red Praxis Prime,Redes,1520.0
92,2.0,9.0,Desktop Lumen Pro,Computadoras,29023.0
76,1.0,9.0,Laptop Vertex Fury,Computadoras,18729.75
257,1.0,9.0,Barra de Sonido Praxis Pulse,Audio,2514.23
346,0.0,9.0,Monitor Portatil Vertex Plus,Monitores,8515.94
508,3.0,9.0,Webcam Delta Ultra,Accesorios,164.68
243,0.0,9.0,Microfono Praxis Elite,Audio,7122.0
265,0.0,9.0,Bocina Bluetooth Onyx Max,Audio,760.0
43,0.0,9.0,Workstation Kortex Elite,Computadoras,13400.48
49,0.0,9.0,Mini PC Kortex Core,Computadoras,51081.62
341,1.0,9.0,Monitor Portatil Vertex Neo,Monitores,4244.16
287,1.0,9.0,Barra de Sonido Nova Lite,Audio,1656.0
602,1.0,9.0,Cable de Red Kortex Prime,Redes,8429.83
122,1.0,9.0,Smartphone Orbit Prime Pro,Smartphones,4404.82
571,1.0,9.0,Adaptador WiFi Nova Zen,Redes,5252.0
498,1.0,9.0,Webcam Cobalto Nova,Accesorios,943.07
159,0.0,8.0,Smartphone Nimbus Vertex Lite,Smartphones,3901.05
212,0.0,8.0,Barra de Sonido Cobalto Pro,Audio,485.0
144,0.0,8.0,Smartphone Nimbus Air Lite,Smartphones,13818.03
260,0.0,8.0,Bocina Bluetooth Praxis One,Audio,644.34
56,1.0,8.0,Laptop Kortex Fury,Computadoras,18375.86
606,0.0,8.0,Adaptador WiFi Kortex Plus,Redes,1587.17
57,1.0,8.0,Desktop Kortex Pulse,Computadoras,17856.88
132,0.0,8.0,Smartphone Orbit Pro Pro,Smartphones,5345.95
327,1.0,8.0,Monitor Kortex Lite,Monitores,14660.89
194,0.0,8.0,Smartphone Helix SE Lite,Smartphones,35912.42
370,3.0,8.0,Monitor 4K Lumen Edge,Monitores,8863.69
426,3.0,8.0,Mouse Nimbus Plus,Accesorios,554.04
120,0.0,8.0,Smartphone Zylo One,Smartphones,36962.01
93,0.0,8.0,Workstation Lumen GT,Computadoras,43980.89
338,2.0,8.0,Monitor Gamer Kortex Nova,Monitores,2541.0
183,3.0,8.0,Foldable Helix Elite,Smartphones,9228.02
185,2.0,8.0,Smartphone Helix Max,Smartphones,11060.0
131,1.0,8.0,Tablet Orbit Zen,Smartphones,26459.89
311,1.0,8.0,Auriculares Gaming Auric Zen,Audio,742.92
262,2.0,8.0,Barra de Sonido Onyx Prime,Audio,596.2
254,5.0,8.0,Audifonos Praxis SE,Audio,1176.97
214,3.0,8.0,Audifonos Cobalto SE,Audio,412.88
267,1.0,8.0,BARRA DE SONIDO ONYX LITE,Audio,7520.58
284,0.0,8.0,Audifonos Nova Air,Audio,704.15
34,1.0,8.0,Mini PC Auric SE,Computadoras,63820.31
95,1.0,8.0,All-in-One Lumen Mini,Computadoras,51105.77
72,1.0,8.0,Desktop Vertex Pro,Computadoras,19375.14
565,0.0,8.0,Access Point Nova Max,Redes,2302.59
511,0.0,8.0,Mouse Delta Zen,Accesorios,852.71
556,0.0,8.0,Adaptador WiFi Onyx Fury,Redes,858.14
37,1.0,8.0,Desktop Auric Pulse,Computadoras,16371.57
459,0.0,7.0,Hub USB-C Quartz Vertex,Accesorios,1255.48
574,0.0,7.0,Switch Nova SE,Redes,11070.22
203,2.0,7.0,Foldable Cobalto Elite,Smartphones,8829.0
385,0.0,7.0,Monitor 4K Zylo Max,Monitores,1800.0
384,0.0,7.0,Monitor Ultrawide Zylo Air,Monitores,10968.12
345,0.0,7.0,Monitor 4K Vertex Max,Monitores,2800.57
289,0.0,7.0,Audifonos Nova Core,Audio,1021.0
86,7.0,7.0,Laptop Lumen Plus,Computadoras,37053.65
489,4.0,7.0,Hub USB-C Cobalto Core,Accesorios,722.97
58,2.0,7.0,Workstation Kortex Nova,Computadoras,65036.76
575,3.0,7.0,Access Point Nova Mini,Redes,1968.0
438,1.0,7.0,Webcam Nimbus Nova,Accesorios,1452.0
231,3.0,7.0,Auriculares Gaming Delta Zen,Audio,2027.82
310,3.0,7.0,BOCINA BLUETOOTH AURIC EDGE,Audio,4367.99
420,0.0,7.0,Teclado Mecanico Orbit One,Accesorios,180.56
172,0.0,7.0,Smartphone Quartz Pro Pro,Smartphones,3632.94
40,0.0,7.0,All-in-One Auric One,Computadoras,33097.0
53,0.0,7.0,Workstation Kortex GT,Computadoras,16779.87
375,4.0,7.0,Monitor 4K Lumen Mini,Monitores,5026.26
74,0.0,7.0,Mini PC Vertex SE,Computadoras,44781.0
133,0.0,7.0,Foldable Orbit GT,Smartphones,21142.0
164,0.0,7.0,Smartphone Quartz Air Lite,Smartphones,13854.0
398,2.0,7.0,Monitor Gamer Zylo Nova,Monitores,2143.84
275,1.0,7.0,Bocina Bluetooth Onyx Mini,Audio,2036.34
244,0.0,7.0,Audifonos Praxis Air,Audio,8672.97
168,1.0,7.0,Foldable Quartz Ultra,Smartphones,11578.76
237,4.0,7.0,Barra de Sonido Delta Pulse,Audio,904.98
89,2.0,6.0,Mini PC Lumen Core,Computadoras,23366.8
541,0.0,6.0,Adaptador WiFi Onyx Neo,Redes,2040.51
456,0.0,6.0,Mouse Quartz Fury,Accesorios,1043.0
50,1.0,6.0,All-in-One Kortex Edge,Computadoras,22069.52
306,0.0,6.0,AURICULARES GAMING AURIC PLUS,Audio,1972.78
232,0.0,6.0,Barra de Sonido Delta Pro,Audio,681.0
285,1.0,6.0,Bocina Bluetooth Nova Max,Audio,1459.41
312,1.0,6.0,Monitor Auric Pro,Monitores,2695.52
417,1.0,6.0,Mousepad Orbit Pulse,Accesorios,351.91
406,2.0,6.0,Monitor Portatil Orbit Plus,Monitores,6801.0
302,2.0,6.0,Barra de Sonido Auric Prime,Audio,2861.27
603,3.0,6.0,Router Kortex Elite,Redes,1952.88
582,2.0,6.0,CABLE DE RED AURIC PRIME,Redes,5334.4
128,4.0,6.0,Foldable Orbit Ultra,Smartphones,29282.83
605,2.0,6.0,Access Point Kortex Max,Redes,741.12
7,0.0,6.0,Desktop Nova Lite,Computadoras,27100.03
261,0.0,6.0,Auriculares Gaming Onyx Neo,Audio,6917.86
63,0.0,6.0,Workstation Vertex Elite,Computadoras,61098.0
358,3.0,6.0,Monitor Gamer Vertex Nova,Monitores,2475.35
514,2.0,6.0,Hub USB-C Delta SE,Accesorios,244.0
48,2.0,6.0,Workstation Kortex Ultra,Computadoras,31235.81
449,1.0,6.0,Hub USB-C Quartz Core,Accesorios,2103.36
521,1.0,6.0,Adaptador WiFi Praxis Neo,Redes,7452.11
395,4.0,6.0,Monitor 4K Zylo Mini,Monitores,11207.81
473,6.0,5.0,Webcam Helix GT,Accesorios,2346.0
525,2.0,5.0,Access Point Praxis Max,Redes,9670.16
451,1.0,5.0,Mouse Quartz Zen,Accesorios,2041.42
389,0.0,5.0,Monitor Ultrawide Zylo Core,Monitores,3131.91
154,1.0,5.0,Smartphone Nimbus SE Lite,Smartphones,19828.54
348,1.0,5.0,Monitor Gamer Vertex Ultra,Monitores,21842.43
390,7.0,5.0,Monitor 4K Zylo Edge,Monitores,11337.65
584,1.0,5.0,Switch Auric Air,Redes,14346.48
376,1.0,5.0,Monitor Portatil Lumen Fury,Monitores,2246.87
410,1.0,5.0,Monitor 4K Orbit Edge,Monitores,2824.3
439,5.0,5.0,Hub USB-C Nimbus Vertex,Accesorios,407.43
106,1.0,5.0,Tablet Zylo Plus,Smartphones,33800.82
339,0.0,5.0,Monitor Ultrawide Kortex Vertex,Monitores,20051.22
8,0.0,5.0,Workstation Nova Ultra,Computadoras,57478.79
17,1.0,5.0,Desktop Nova Pulse,Computadoras,15188.0
269,0.0,5.0,Audifonos Onyx Core,Audio,4544.06
156,0.0,5.0,Tablet Nimbus Fury,Smartphones,36447.38
220,0.0,5.0,Bocina Bluetooth Cobalto One,Audio,4307.38
378,7.0,5.0,Monitor Gamer Lumen Nova,Monitores,8470.0
554,1.0,5.0,Switch Onyx SE,Redes,10738.0
117,3.0,5.0,Smartphone Zylo Pulse Pro,Smartphones,28856.54
419,0.0,4.0,HUB USB-C ORBIT VERTEX,Accesorios,280.0
239,0.0,4.0,Audifonos Delta Vertex,Audio,6240.0
483,1.0,4.0,Webcam Cobalto Elite,Accesorios,2656.31
509,2.0,4.0,Hub USB-C Delta Core,Accesorios,603.92
463,3.0,4.0,Webcam Helix Elite,Accesorios,339.83
199,1.0,4.0,Smartphone Helix Vertex Lite,Smartphones,24765.63
466,0.0,4.0,Mouse Helix Plus,Accesorios,361.84
394,0.0,4.0,Monitor Ultrawide Zylo SE,Monitores,2442.57
137,0.0,4.0,Smartphone Orbit Pulse Pro,Smartphones,42000.0
180,1.0,4.0,Smartphone Quartz One,Smartphones,29210.55
124,0.0,4.0,Smartphone Orbit Air Lite,Smartphones,36262.62
100,0.0,4.0,All-in-One Lumen One,Computadoras,17834.23
129,2.0,4.0,Smartphone Orbit Core Lite,Smartphones,24143.58
567,1.0,4.0,Cable de Red Nova Lite,Redes,978.47
545,5.0,4.0,Access Point Onyx Max,Redes,11443.06
481,3.0,3.0,Mouse Cobalto Neo,Accesorios,3251.0
157,1.0,3.0,Smartphone Nimbus Pulse Pro,Smartphones,13768.16
579,1.0,3.0,Switch Nova Vertex,Redes,3346.39
135,3.0,3.0,Smartphone Orbit Mini,Smartphones,8232.79
130,1.0,3.0,Smartphone Orbit Edge,Smartphones,12494.0
411,0.0,3.0,Monitor Portatil Orbit Zen,Monitores,25253.96
332,1.0,3.0,Monitor Kortex Pro,Monitores,16589.0
60,2.0,3.0,All-in-One Kortex One,Computadoras,48462.73
258,2.0,3.0,Microfono Praxis Nova,Audio,5972.48
308,4.0,2.0,Microfono Auric Ultra,Audio,2045.61
597,1.0,2.0,Cable de Red Auric Pulse,Redes,1471.53
136,1.0,2.0,Tablet Orbit Fury,Smartphones,20224.22
551,2.0,2.0,Adaptador WiFi Onyx Zen,Redes,10480.07
33,0.0,2.0,Workstation Auric GT,Computadoras,45533.09
368,2.0,2.0,Monitor Gamer Lumen Ultra,Monitores,2004.61
178,0.0,2.0,Foldable Quartz Nova,Smartphones,29863.52
127,0.0,2.0,Smartphone Orbit Lite Pro,Smartphones,5053.47
200,0.0,2.0,SMARTPHONE HELIX ONE,Smartphones,4786.57
336,1.0,2.0,Monitor Portatil Kortex Fury,Monitores,3813.68
82,4.0,2.0,Desktop Lumen Prime,Computadoras,26390.1
528,1.0,2.0,Router Praxis Ultra,Redes,1560.8
213,1.0,2.0,Microfono Cobalto GT,Audio,1117.04
97,1.0,2.0,Desktop Lumen Pulse,Computadoras,44347.0
492,0.0,2.0,Mousepad Cobalto Pro,Accesorios,3107.03
198,1.0,2.0,Foldable Helix Nova,Smartphones,14532.61
507,1.0,2.0,Mousepad Delta Lite,Accesorios,572.23
305,1.0,1.0,Bocina Bluetooth Auric Max,Audio,1008.0
182,1.0,1.0,Smartphone Helix Prime Pro,Smartphones,5269.41
564,0.0,1.0,SWITCH NOVA AIR,Redes,16332.52
201,1.0,1.0,Tablet Cobalto Neo,Smartphones,12657.76
518,0.0,1.0,Router Delta Nova,Redes,884.39
374,0.0,1.0,Monitor Ultrawide Lumen SE,Monitores,22016.61
587,0.0,1.0,Cable de Red Auric Lite,Redes,6063.0
478,0.0,1.0,Webcam Helix Nova,Accesorios,401.93
298,1.0,1.0,Microfono Nova Nova,Audio,747.43
202,0.0,1.0,Smartphone Cobalto Prime Pro,Smartphones,9188.59
436,0.0,1.0,Mouse Nimbus Fury,Accesorios,195.05
91,0.0,1.0,Laptop Lumen Zen,Computadoras,16734.15
328,1.0,1.0,Monitor Gamer Kortex Ultra,Monitores,13737.01
71,0.0,1.0,Laptop Vertex Zen,Computadoras,15201.53
550,1.0,1.0,Access Point Onyx Edge,Redes,12661.44
229,1.0,1.0,Audifonos Delta Core,Audio,843.37
186,1.0,0.0,Tablet Helix Plus,Smartphones,28945.11
479,2.0,0.0,Hub USB-C Helix Vertex,Accesorios,3243.0
486,2.0,0.0,Mouse Cobalto Plus,Accesorios,201.17
252,2.0,0.0,Barra de Sonido Praxis Pro,Audio,1423.19
452,1.0,0.0,Mousepad Quartz Pro,Accesorios,3108.0
457,1.0,0.0,Mousepad Quartz Pulse,Accesorios,183.15
460,1.0,0.0,Teclado Mecanico Quartz One,Accesorios,327.82
506,2.0,0.0,Mouse Delta Plus,Accesorios,597.95
225,1.0,0.0,Bocina Bluetooth Delta Max,Audio,1331.67
491,2.0,0.0,Mouse Cobalto Zen,Accesorios,205.58
504,3.0,0.0,Hub USB-C Delta Air,Accesorios,2625.64
524,6.0,0.0,Switch Praxis Air,Redes,750.28
523,2.0,0.0,Router Praxis Elite,Redes,2831.84
530,4.0,0.0,Access Point Praxis Edge,Redes,619.16
152,1.0,0.0,Smartphone Nimbus Pro Pro,Smartphones,8926.77
326,4.0,0.0,Monitor Portatil Kortex Plus,Monitores,10465.54
85,1.0,0.0,All-in-One Lumen Max,Computadoras,26796.69
75,7.0,0.0,All-in-One Vertex Mini,Computadoras,21890.65
480,2.0,0.0,Teclado Mecanico Helix One,Accesorios,1139.96
553,1.0,0.0,Router Onyx GT,Redes,1255.27
539,1.0,0.0,Switch Praxis Vertex,Redes,3494.06
540,3.0,0.0,Access Point Praxis One,Redes,17228.6
536,1.0,0.0,Adaptador WiFi Praxis Fury,Redes,566.31
161,1.0,0.0,Tablet Quartz Neo,Smartphones,13668.91
116,1.0,0.0,Tablet Zylo Fury,Smartphones,4629.96
114,1.0,0.0,Smartphone Zylo SE Lite,Smartphones,28091.0
543,7.0,0.0,Router Onyx Elite,Redes,14943.37
538,1.0,0.0,Router Praxis Nova,Redes,16124.03
193,8.0,0.0,Foldable Helix GT,Smartphones,11432.0
532,2.0,0.0,CABLE DE RED PRAXIS PRO,Redes,11522.0
142,1.0,0.0,Smartphone Nimbus Prime Pro,Smartphones,31449.79
611,15.0,0.0,Adaptador WiFi Kortex Zen,Redes,7642.0
610,13.0,0.0,Access Point Kortex Edge,Redes,926.86
609,23.0,0.0,Switch Kortex Core,Redes,3487.98
248,1.0,0.0,Microfono Praxis Ultra,Audio,1659.37
227,1.0,0.0,Barra de Sonido Delta Lite,Audio,7709.0
401,1.0,0.0,Monitor Portatil Orbit Neo,Monitores,11640.28
422,1.0,0.0,Mousepad Nimbus Prime,Accesorios,225.65
443,7.0,0.0,Webcam Quartz Elite,Accesorios,1039.38
576,2.0,0.0,Adaptador WiFi Nova Fury,Redes,3131.05
585,1.0,0.0,Access Point Auric Max,Redes,2782.78
581,11.0,0.0,ADAPTADOR WIFI AURIC NEO,Redes,14758.0
99,3.0,0.0,Mini PC Lumen Vertex,Computadoras,18069.0
561,8.0,0.0,Adaptador WiFi Nova Neo,Redes,13291.26
115,3.0,0.0,Smartphone Zylo Mini,Smartphones,28828.44
141,1.0,0.0,Tablet Nimbus Neo,Smartphones,4045.73
620,7.0,0.0,Access Point Kortex One,Redes,3513.09
387,1.0,0.0,Monitor Zylo Lite,Monitores,4885.24
364,4.0,0.0,Monitor Ultrawide Lumen Air,Monitores,9453.57
337,1.0,0.0,Monitor Kortex Pulse,Monitores,15431.0
616,22.0,0.0,Adaptador WiFi Kortex Fury,Redes,7381.39
615,15.0,0.0,Access Point Kortex Mini,Redes,7556.52
614,21.0,0.0,Switch Kortex SE,Redes,17084.74
613,19.0,0.0,Router Kortex GT,Redes,3168.0
612,15.0,0.0,Cable de Red Kortex Pro,Redes,3095.0
619,14.0,0.0,Switch Kortex Vertex,Redes,14276.1
618,14.0,0.0,Router Kortex Nova,Redes,5073.43
617,14.0,0.0,Cable de Red Kortex Pulse,Redes,2036.34
283,2.0,0.0,Microfono Nova Elite,Audio,596.91
397,6.0,0.0,Monitor Zylo Pulse,Monitores,6557.49
28,1.0,0.0,Workstation Auric Ultra,Computadoras,24190.36
10,1.0,0.0,All-in-One Nova Edge,Computadoras,17123.0
1,2.0,0.0,Laptop Nova Neo,Computadoras,14453.0
