id_producto,visitas,unidades,nombre,categoria,precio,visitas_por_unidad
324,2.0,252.0,Monitor Ultrawide Kortex Air,Monitores,4902.47,0.007936507936507936
90,6.0,216.0,All-in-One Lumen Edge,Computadoras,55867.02,0.027777777777777776
236,3.0,155.0,Auriculares Gaming Delta Fury,Audio,3329.05,0.01935483870967742
123,0.0,151.0,Foldable Orbit Elite,Smartphones,18645.0,0.0
245,3.0,111.0,Bocina Bluetooth Praxis Max,Audio,3654.56,0.02702702702702703
242,2.0,98.0,BARRA DE SONIDO PRAXIS PRIME,Audio,975.73,0.02040816326530612
219,5.0,95.0,Audifonos Cobalto Vertex,Audio,404.0,0.05263157894736842
5,11.0,90.0,All-in-One Nova Max,Computadoras,26069.66,0.12222222222222222
490,3.0,89.0,Teclado Mecanico Cobalto Edge,Accesorios,701.76,0.033707865168539325
526,2.0,88.0,Adaptador WiFi Praxis Plus,Redes,7635.84,0.022727272727272728
64,3.0,87.0,Mini PC Vertex Air,Computadoras,13895.81,0.034482758620689655
222,3.0,83.0,Barra de Sonido Delta Prime,Audio,5707.81,0.03614457831325301
309,5.0,82.0,Audifonos Auric Core,Audio,579.38,0.06097560975609756
475,4.0,81.0,Teclado Mecanico Helix Mini,Accesorios,2554.85,0.04938271604938271
547,5.0,77.0,Cable de Red Onyx Lite,Redes,622.58,0.06493506493506493
529,11.0,75.0,Switch Praxis Core,Redes,2494.4,0.14666666666666667
294,2.0,71.0,Audifonos Nova SE,Audio,755.89,0.028169014084507043
27,4.0,71.0,Desktop Auric Lite,Computadoras,26993.41,0.056338028169014086
113,2.0,69.0,Foldable Zylo GT,Smartphones,24816.71,0.028985507246376812
482,10.0,63.0,Mousepad Cobalto Prime,Accesorios,1201.93,0.15873015873015872
510,6.0,63.0,Teclado Mecanico Delta Edge,Accesorios,307.0,0.09523809523809523
435,7.0,62.0,Teclado Mecanico Nimbus Mini,Accesorios,235.67,0.11290322580645161
399,5.0,61.0,Monitor Ultrawide Zylo Vertex,Monitores,26570.51,0.08196721311475409
296,9.0,60.0,Auriculares Gaming Nova Fury,Audio,2185.34,0.15
29,2.0,58.0,Mini PC Auric Core,Computadoras,16972.54,0.034482758620689655
147,7.0,57.0,Smartphone Nimbus Lite Pro,Smartphones,8671.49,0.12280701754385964
437,11.0,56.0,Mousepad Nimbus Pulse,Accesorios,2181.84,0.19642857142857142
360,0.0,55.0,Monitor 4K Vertex One,Monitores,13154.0,0.0
20,4.0,55.0,All-in-One Nova One,Computadoras,48420.36,0.07272727272727272
18,0.0,55.0,Workstation Nova Nova,Computadoras,49907.0,0.0
208,2.0,54.0,Foldable Cobalto Ultra,Smartphones,3669.04,0.037037037037037035
65,3.0,54.0,All-in-One Vertex Max,Computadoras,15736.34,0.05555555555555555
165,5.0,53.0,Smartphone Quartz Max,Smartphones,8728.22,0.09433962264150944
343,4.0,51.0,Monitor Gamer Vertex Elite,Monitores,19021.91,0.0784313725490196
573,5.0,49.0,Router Nova GT,Redes,2616.22,0.10204081632653061
418,2.0,49.0,Webcam Orbit Nova,Accesorios,2576.0,0.04081632653061224
596,2.0,48.0,Adaptador WiFi Auric Fury,Redes,15149.53,0.041666666666666664
453,4.0,48.0,Webcam Quartz GT,Accesorios,1833.28,0.08333333333333333
601,11.0,47.0,Adaptador WiFi Kortex Neo,Redes,2666.31,0.23404255319148937
404,3.0,46.0,Monitor Ultrawide Orbit Air,Monitores,6531.34,0.06521739130434782
313,4.0,46.0,Monitor Gamer Auric GT,Monitores,22303.0,0.08695652173913043
163,2.0,46.0,Foldable Quartz Elite,Smartphones,34985.4,0.043478260869565216
557,2.0,46.0,Cable de Red Onyx Pulse,Redes,700.1,0.043478260869565216
333,3.0,45.0,Monitor Gamer Kortex GT,Monitores,7242.48,0.06666666666666667
307,3.0,45.0,Barra de Sonido Auric Lite,Audio,1429.76,0.06666666666666667
444,1.0,44.0,Hub USB-C Quartz Air,Accesorios,389.88,0.022727272727272728
145,8.0,44.0,Smartphone Nimbus Max,Smartphones,41579.07,0.18181818181818182
462,1.0,43.0,Mousepad Helix Prime,Accesorios,558.61,0.023255813953488372
270,6.0,43.0,Bocina Bluetooth Onyx Edge,Audio,874.94,0.13953488372093023
170,5.0,43.0,Smartphone Quartz Edge,Smartphones,20780.0,0.11627906976744186
424,7.0,42.0,Hub USB-C Nimbus Air,Accesorios,1995.03,0.16666666666666666
234,3.0,42.0,Audifonos Delta SE,Audio,1042.83,0.07142857142857142
215,2.0,42.0,Bocina Bluetooth Cobalto Mini,Audio,1216.35,0.047619047619047616
531,8.0,42.0,Adaptador WiFi Praxis Zen,Redes,2414.15,0.19047619047619047
572,8.0,41.0,Cable de Red Nova Pro,Redes,649.84,0.1951219512195122
497,1.0,41.0,Mousepad Cobalto Pulse,Accesorios,2080.14,0.024390243902439025
499,2.0,41.0,Hub USB-C Cobalto Vertex,Accesorios,938.22,0.04878048780487805
179,1.0,41.0,Smartphone Quartz Vertex Lite,Smartphones,24894.74,0.024390243902439025
391,4.0,41.0,Monitor Portatil Zylo Zen,Monitores,11122.21,0.0975609756097561
467,4.0,41.0,Mousepad Helix Lite,Accesorios,841.05,0.0975609756097561
277,2.0,41.0,Barra de Sonido Onyx Pulse,Audio,7528.53,0.04878048780487805
402,5.0,41.0,Monitor Orbit Prime,Monitores,5207.91,0.12195121951219512
592,3.0,41.0,Cable de Red Auric Pro,Redes,1729.0,0.07317073170731707
558,3.0,41.0,Router Onyx Nova,Redes,2486.26,0.07317073170731707
314,7.0,40.0,Monitor Ultrawide Auric SE,Monitores,15052.0,0.175
121,6.0,40.0,TABLET ORBIT NEO,Smartphones,12917.12,0.15
11,6.0,40.0,Laptop Nova Zen,Computadoras,13708.0,0.15
101,2.0,39.0,Laptop Zylo Neo,Computadoras,36744.16,0.05128205128205128
51,0.0,39.0,Laptop Kortex Zen,Computadoras,68000.0,0.0
598,5.0,39.0,Router Auric Nova,Redes,3274.73,0.1282051282051282
319,6.0,39.0,Monitor Ultrawide Auric Vertex,Monitores,3774.97,0.15384615384615385
281,3.0,38.0,Auriculares Gaming Nova Neo,Audio,2873.68,0.07894736842105263
562,0.0,38.0,Cable de Red Nova Prime,Redes,7816.25,0.0
321,2.0,38.0,Monitor Portatil Kortex Neo,Monitores,2794.0,0.05263157894736842
280,5.0,36.0,Bocina Bluetooth Onyx One,Audio,5190.1,0.1388888888888889
196,2.0,36.0,Tablet Helix Fury,Smartphones,6746.66,0.05555555555555555
386,0.0,35.0,Monitor Portatil Zylo Plus,Monitores,15529.88,0.0
501,0.0,35.0,Mouse Delta Neo,Accesorios,480.82,0.0
54,2.0,35.0,Mini PC Kortex SE,Computadoras,65038.31,0.05714285714285714
155,2.0,35.0,Smartphone Nimbus Mini,Smartphones,36068.08,0.05714285714285714
566,5.0,35.0,Adaptador WiFi Nova Plus,Redes,7865.94,0.14285714285714285
515,2.0,35.0,Teclado Mecanico Delta Mini,Accesorios,3368.72,0.05714285714285714
119,2.0,35.0,Smartphone Zylo Vertex Lite,Smartphones,5867.88,0.05714285714285714
216,2.0,35.0,Auriculares Gaming Cobalto Fury,Audio,1493.81,0.05714285714285714
405,5.0,35.0,Monitor 4K Orbit Max,Monitores,26381.0,0.14285714285714285
318,1.0,35.0,Monitor Gamer Auric Nova,Monitores,2672.96,0.02857142857142857
599,2.0,34.0,Switch Auric Vertex,Redes,1634.01,0.058823529411764705
320,2.0,34.0,Monitor 4K Auric One,Monitores,10504.52,0.058823529411764705
517,5.0,34.0,Mousepad Delta Pulse,Accesorios,2835.58,0.14705882352941177
355,1.0,34.0,Monitor 4K Vertex Mini,Monitores,14691.0,0.029411764705882353
369,4.0,34.0,Monitor Ultrawide Lumen Core,Monitores,8683.55,0.11764705882352941
373,2.0,33.0,Monitor Gamer Lumen GT,Monitores,20620.17,0.06060606060606061
441,6.0,33.0,Mouse Quartz Neo,Accesorios,2503.0,0.18181818181818182
47,4.0,33.0,Desktop Kortex Lite,Computadoras,18423.86,0.12121212121212122
153,5.0,33.0,Foldable Nimbus GT,Smartphones,35631.03,0.15151515151515152
69,4.0,33.0,Mini PC Vertex Core,Computadoras,33168.84,0.12121212121212122
218,5.0,33.0,Microfono Cobalto Nova,Audio,2497.5,0.15151515151515152
295,8.0,33.0,Bocina Bluetooth Nova Mini,Audio,2244.9,0.24242424242424243
14,4.0,32.0,Mini PC Nova SE,Computadoras,28475.9,0.125
414,2.0,32.0,Monitor Ultrawide Orbit SE,Monitores,27836.07,0.0625
359,2.0,32.0,Monitor Ultrawide Vertex Vertex,Monitores,16986.9,0.0625
19,3.0,32.0,Mini PC Nova Vertex,Computadoras,52611.56,0.09375
323,2.0,32.0,Monitor Gamer Kortex Elite,Monitores,2463.84,0.0625
148,2.0,31.0,Foldable Nimbus Ultra,Smartphones,9601.21,0.06451612903225806
118,1.0,31.0,Foldable Zylo Nova,Smartphones,24476.8,0.03225806451612903
59,2.0,31.0,Mini PC Kortex Vertex,Computadoras,31948.64,0.06451612903225806
224,1.0,31.0,Audifonos Delta Air,Audio,3092.44,0.03225806451612903
83,6.0,31.0,Workstation Lumen Elite,Computadoras,56550.9,0.1935483870967742
209,4.0,30.0,AUDIFONOS COBALTO CORE,Audio,5109.77,0.13333333333333333
125,7.0,30.0,Smartphone Orbit Max,Smartphones,5757.78,0.23333333333333334
434,2.0,30.0,HUB USB-C NIMBUS SE,Accesorios,2493.0,0.06666666666666667
357,0.0,30.0,Monitor Vertex Pulse,Monitores,11860.0,0.0
570,2.0,29.0,Access Point Nova Edge,Redes,2235.17,0.06896551724137931
171,5.0,29.0,Tablet Quartz Zen,Smartphones,4674.34,0.1724137931034483
143,1.0,29.0,Foldable Nimbus Elite,Smartphones,19160.64,0.034482758620689655
487,2.0,29.0,Mousepad Cobalto Lite,Accesorios,1140.99,0.06896551724137931
505,2.0,29.0,Teclado Mecanico Delta Max,Accesorios,1346.46,0.06896551724137931
187,10.0,29.0,Smartphone Helix Lite Pro,Smartphones,15407.88,0.3448275862068966
400,0.0,28.0,Monitor 4K Zylo One,Monitores,2268.61,0.0
211,0.0,28.0,Auriculares Gaming Cobalto Zen,Audio,2399.2,0.0
382,6.0,28.0,Monitor Zylo Prime,Monitores,2447.27,0.21428571428571427
36,4.0,27.0,Laptop Auric Fury,Computadoras,28216.0,0.14814814814814814
546,1.0,27.0,Adaptador WiFi Onyx Plus,Redes,2515.65,0.037037037037037035
228,1.0,27.0,Microfono Delta Ultra,Audio,1374.56,0.037037037037037035
344,4.0,27.0,Monitor Ultrawide Vertex Air,Monitores,8738.0,0.14814814814814814
450,2.0,26.0,Teclado Mecanico Quartz Edge,Accesorios,296.55,0.07692307692307693
98,1.0,26.0,Workstation Lumen Nova,Computadoras,39575.72,0.038461538461538464
354,3.0,26.0,Monitor Ultrawide Vertex SE,Monitores,8202.98,0.11538461538461539
238,5.0,26.0,Microfono Delta Nova,Audio,6129.02,0.19230769230769232
544,0.0,26.0,Switch Onyx Air,Redes,13372.76,0.0
329,1.0,26.0,Monitor Ultrawide Kortex Core,Monitores,2798.95,0.038461538461538464
604,8.0,26.0,Switch Kortex Air,Redes,5124.09,0.3076923076923077
21,1.0,25.0,Laptop Auric Neo,Computadoras,41665.57,0.04
108,2.0,25.0,Foldable Zylo Ultra,Smartphones,12828.66,0.08
388,1.0,25.0,Monitor Gamer Zylo Ultra,Monitores,5732.64,0.04
149,3.0,25.0,Smartphone Nimbus Core Lite,Smartphones,27409.46,0.12
442,0.0,25.0,Mousepad Quartz Prime,Accesorios,803.35,0.0
190,1.0,25.0,Smartphone Helix Edge,Smartphones,17229.0,0.04
247,0.0,25.0,Barra de Sonido Praxis Lite,Audio,3196.01,0.0
292,4.0,24.0,Barra de Sonido Nova Pro,Audio,4444.0,0.16666666666666666
4,3.0,24.0,Mini PC Nova Air,Computadoras,59704.35,0.125
549,9.0,24.0,Switch Onyx Core,Redes,3539.57,0.375
516,4.0,24.0,Mouse Delta Fury,Accesorios,1869.02,0.16666666666666666
409,4.0,24.0,Monitor Ultrawide Orbit Core,Monitores,13699.0,0.16666666666666666
428,2.0,24.0,Webcam Nimbus Ultra,Accesorios,3924.13,0.08333333333333333
166,4.0,24.0,Tablet Quartz Plus,Smartphones,9127.91,0.16666666666666666
445,5.0,24.0,Teclado Mecanico Quartz Max,Accesorios,716.79,0.20833333333333334
356,2.0,24.0,Monitor Portatil Vertex Fury,Monitores,10557.55,0.08333333333333333
301,2.0,24.0,Auriculares Gaming Auric Neo,Audio,911.0,0.08333333333333333
347,8.0,24.0,Monitor Vertex Lite,Monitores,27599.29,0.3333333333333333
235,1.0,24.0,Bocina Bluetooth Delta Mini,Audio,1119.56,0.041666666666666664
78,2.0,24.0,Workstation Vertex Nova,Computadoras,49993.67,0.08333333333333333
251,4.0,24.0,Auriculares Gaming Praxis Zen,Audio,2586.41,0.16666666666666666
317,3.0,23.0,Monitor Auric Pulse,Monitores,4957.78,0.13043478260869565
429,7.0,23.0,Hub USB-C Nimbus Core,Accesorios,402.84,0.30434782608695654
568,4.0,23.0,Router Nova Ultra,Redes,7363.71,0.17391304347826086
84,2.0,23.0,Mini PC Lumen Air,Computadoras,16273.21,0.08695652173913043
454,3.0,23.0,Hub USB-C Quartz SE,Accesorios,333.0,0.13043478260869565
477,3.0,23.0,Mousepad Helix Pulse,Accesorios,185.9,0.13043478260869565
496,4.0,23.0,Mouse Cobalto Fury,Accesorios,1891.04,0.17391304347826086
167,0.0,23.0,Smartphone Quartz Lite Pro,Smartphones,4609.55,0.0
432,2.0,23.0,Mousepad Nimbus Pro,Accesorios,236.92,0.08695652173913043
381,2.0,23.0,Monitor Portatil Zylo Neo,Monitores,3809.89,0.08695652173913043
502,0.0,22.0,Mousepad Delta Prime,Accesorios,1187.68,0.0
519,4.0,22.0,Switch Delta Vertex,Redes,2234.16,0.18181818181818182
607,5.0,22.0,Cable de Red Kortex Lite,Redes,9522.34,0.22727272727272727
256,0.0,22.0,Auriculares Gaming Praxis Fury,Audio,1021.8,0.0
593,2.0,22.0,Router Auric GT,Redes,2171.89,0.09090909090909091
594,3.0,22.0,Switch Auric SE,Redes,1737.94,0.13636363636363635
542,3.0,22.0,Cable de Red Onyx Prime,Redes,7389.25,0.13636363636363635
537,1.0,22.0,Cable de Red Praxis Pulse,Redes,2027.4,0.045454545454545456
465,2.0,22.0,Teclado Mecanico Helix Max,Accesorios,1413.81,0.09090909090909091
353,1.0,22.0,Monitor Gamer Vertex GT,Monitores,18839.36,0.045454545454545456
68,3.0,22.0,Workstation Vertex Ultra,Computadoras,17497.71,0.13636363636363635
66,1.0,22.0,Laptop Vertex Plus,Computadoras,15233.0,0.045454545454545456
335,1.0,22.0,Monitor 4K Kortex Mini,Monitores,18537.78,0.045454545454545456
266,3.0,22.0,Auriculares Gaming Onyx Plus,Audio,2657.04,0.13636363636363635
291,5.0,22.0,Auriculares Gaming Nova Zen,Audio,439.93,0.22727272727272727
25,1.0,22.0,All-in-One Auric Max,Computadoras,44064.36,0.045454545454545456
548,4.0,21.0,Router Onyx Ultra,Redes,1106.78,0.19047619047619047
379,2.0,21.0,Monitor Ultrawide Lumen Vertex,Monitores,2571.64,0.09523809523809523
273,2.0,21.0,Microfono Onyx GT,Audio,2849.98,0.09523809523809523
272,3.0,21.0,Barra de Sonido Onyx Pro,Audio,4993.05,0.14285714285714285
73,4.0,21.0,Workstation Vertex GT,Computadoras,33688.65,0.19047619047619047
226,1.0,21.0,Auriculares Gaming Delta Plus,Audio,3996.67,0.047619047619047616
433,1.0,21.0,Webcam Nimbus GT,Accesorios,2339.97,0.047619047619047616
158,3.0,21.0,Foldable Nimbus Nova,Smartphones,4265.11,0.14285714285714285
552,0.0,21.0,Cable de Red Onyx Pro,Redes,6261.42,0.0
392,1.0,21.0,Monitor Zylo Pro,Monitores,16781.48,0.047619047619047616
560,9.0,20.0,Access Point Onyx One,Redes,4585.0,0.45
223,1.0,20.0,Microfono Delta Elite,Audio,563.7,0.05
595,1.0,20.0,Access Point Auric Mini,Redes,13669.45,0.05
96,1.0,20.0,Laptop Lumen Fury,Computadoras,14490.38,0.05
396,0.0,20.0,Monitor Portatil Zylo Fury,Monitores,4864.14,0.0
586,4.0,20.0,Adaptador WiFi Auric Plus,Redes,17660.57,0.2
204,1.0,20.0,Smartphone Cobalto Air Lite,Smartphones,17470.25,0.05
263,3.0,20.0,Microfono Onyx Elite,Audio,5730.99,0.15
174,2.0,20.0,Smartphone Quartz SE Lite,Smartphones,11259.21,0.1
476,3.0,20.0,Mouse Helix Fury,Accesorios,484.9,0.15
300,2.0,20.0,Bocina Bluetooth Nova One,Audio,1629.59,0.1
150,2.0,19.0,Smartphone Nimbus Edge,Smartphones,4357.07,0.10526315789473684
175,1.0,19.0,Smartphone Quartz Mini,Smartphones,6971.32,0.05263157894736842
32,2.0,19.0,Desktop Auric Pro,Computadoras,56222.67,0.10526315789473684
485,4.0,18.0,Teclado Mecanico Cobalto Max,Accesorios,3397.59,0.2222222222222222
448,1.0,18.0,WEBCAM QUARTZ ULTRA,Accesorios,1395.04,0.05555555555555555
322,0.0,18.0,Monitor Kortex Prime,Monitores,5883.98,0.0
259,2.0,18.0,Audifonos Praxis Vertex,Audio,625.08,0.1111111111111111
253,2.0,18.0,Microfono Praxis GT,Audio,4812.8,0.1111111111111111
340,5.0,18.0,MONITOR 4K KORTEX ONE,Monitores,11113.88,0.2777777777777778
81,2.0,18.0,Laptop Lumen Neo,Computadoras,33449.39,0.1111111111111111
105,1.0,18.0,Smartphone Zylo Max,Smartphones,4935.0,0.05555555555555555
393,2.0,17.0,Monitor Gamer Zylo GT,Monitores,2250.85,0.11764705882352941
431,1.0,17.0,Mouse Nimbus Zen,Accesorios,254.94,0.058823529411764705
39,0.0,17.0,Mini PC Auric Vertex,Computadoras,18868.93,0.0
2,1.0,17.0,DESKTOP NOVA PRIME,Computadoras,25250.01,0.058823529411764705
471,2.0,17.0,Mouse Helix Zen,Accesorios,615.8,0.11764705882352941
169,1.0,17.0,Smartphone Quartz Core Lite,Smartphones,4684.61,0.058823529411764705
233,1.0,17.0,Microfono Delta GT,Audio,1137.67,0.058823529411764705
274,3.0,17.0,Audifonos Onyx SE,Audio,5610.04,0.17647058823529413
446,3.0,17.0,Mouse Quartz Plus,Accesorios,3256.03,0.17647058823529413
41,2.0,17.0,Laptop Kortex Neo,Computadoras,49158.25,0.11764705882352941
230,2.0,17.0,Bocina Bluetooth Delta Edge,Audio,2364.0,0.11764705882352941
45,0.0,17.0,All-in-One Kortex Max,Computadoras,45333.45,0.0
315,1.0,17.0,Monitor 4K Auric Mini,Monitores,11703.0,0.058823529411764705
30,2.0,16.0,All-in-One Auric Edge,Computadoras,20336.55,0.125
210,1.0,16.0,Bocina Bluetooth Cobalto Edge,Audio,1643.04,0.0625
500,1.0,16.0,Teclado Mecanico Cobalto One,Accesorios,2257.03,0.0625
290,0.0,16.0,Bocina Bluetooth Nova Edge,Audio,3593.11,0.0
55,7.0,16.0,All-in-One Kortex Mini,Computadoras,49270.0,0.4375
494,0.0,16.0,Hub USB-C Cobalto SE,Accesorios,2411.1,0.0
447,3.0,16.0,Mousepad Quartz Lite,Accesorios,196.0,0.1875
366,5.0,16.0,Monitor Portatil Lumen Plus,Monitores,5166.06,0.3125
205,1.0,16.0,Smartphone Cobalto Max,Smartphones,28895.45,0.0625
484,0.0,16.0,Hub USB-C Cobalto Air,Accesorios,491.44,0.0
246,2.0,16.0,Auriculares Gaming Praxis Plus,Audio,639.2,0.125
325,1.0,16.0,Monitor 4K Kortex Max,Monitores,24602.67,0.0625
362,2.0,16.0,Monitor Lumen Prime,Monitores,20003.47,0.125
352,2.0,16.0,Monitor Vertex Pro,Monitores,17190.19,0.125
342,1.0,16.0,Monitor Vertex Prime,Monitores,7644.17,0.0625
112,3.0,16.0,Smartphone Zylo Pro Pro,Smartphones,10289.22,0.1875
35,1.0,16.0,All-in-One Auric Mini,Computadoras,22374.88,0.0625
140,2.0,16.0,Smartphone Orbit One,Smartphones,23235.91,0.125
425,0.0,16.0,Teclado Mecanico Nimbus Max,Accesorios,1199.26,0.0
111,0.0,15.0,Tablet Zylo Zen,Smartphones,7068.08,0.0
349,9.0,15.0,Monitor Ultrawide Vertex Core,Monitores,8218.8,0.6
569,1.0,15.0,Switch Nova Core,Redes,903.22,0.06666666666666667
271,1.0,15.0,Auriculares Gaming Onyx Zen,Audio,7591.04,0.06666666666666667
367,2.0,15.0,Monitor Lumen Lite,Monitores,2279.64,0.13333333333333333
608,1.0,15.0,Router Kortex Ultra,Redes,550.0,0.06666666666666667
177,2.0,15.0,Smartphone Quartz Pulse Pro,Smartphones,25698.47,0.13333333333333333
430,0.0,15.0,Teclado Mecanico Nimbus Edge,Accesorios,999.52,0.0
195,1.0,15.0,Smartphone Helix Mini,Smartphones,5464.68,0.06666666666666667
470,2.0,15.0,Teclado Mecanico Helix Edge,Accesorios,610.57,0.13333333333333333
139,3.0,15.0,Smartphone Orbit Vertex Lite,Smartphones,22592.32,0.2
286,8.0,15.0,Auriculares Gaming Nova Plus,Audio,713.47,0.5333333333333333
413,0.0,14.0,Monitor Gamer Orbit GT,Monitores,4440.77,0.0
278,0.0,14.0,Microfono Onyx Nova,Audio,1910.5,0.0
276,1.0,14.0,Auriculares Gaming Onyx Fury,Audio,468.04,0.07142857142857142
423,0.0,14.0,Webcam Nimbus Elite,Accesorios,250.67,0.0
372,1.0,14.0,Monitor Lumen Pro,Monitores,7389.1,0.07142857142857142
590,1.0,14.0,Access Point Auric Edge,Redes,2112.02,0.07142857142857142
217,1.0,14.0,Barra de Sonido Cobalto Pulse,Audio,2671.55,0.07142857142857142
534,3.0,14.0,Switch Praxis SE,Redes,2916.16,0.21428571428571427
206,4.0,14.0,Tablet Cobalto Plus,Smartphones,35845.9,0.2857142857142857
415,1.0,14.0,Teclado Mecanico Orbit Mini,Accesorios,1413.02,0.07142857142857142
87,0.0,14.0,Desktop Lumen Lite,Computadoras,22796.75,0.0
380,0.0,14.0,Monitor 4K Lumen One,Monitores,25375.31,0.0
583,1.0,14.0,Router Auric Elite,Redes,4356.58,0.07142857142857142
102,8.0,13.0,DESKTOP ZYLO PRIME,Computadoras,27580.0,0.6153846153846154
38,1.0,13.0,Workstation Auric Nova,Computadoras,32293.58,0.07692307692307693
241,1.0,13.0,Auriculares Gaming Praxis Neo,Audio,432.19,0.07692307692307693
88,1.0,13.0,Workstation Lumen Ultra,Computadoras,29305.0,0.07692307692307693
591,0.0,13.0,Adaptador WiFi Auric Zen,Redes,827.84,0.0
138,0.0,13.0,Foldable Orbit Nova,Smartphones,7002.61,0.0
513,1.0,13.0,Webcam Delta GT,Accesorios,291.56,0.07692307692307693
162,2.0,13.0,Smartphone Quartz Prime Pro,Smartphones,32940.52,0.15384615384615385
408,0.0,13.0,Monitor Gamer Orbit Ultra,Monitores,25253.16,0.0
520,4.0,13.0,Access Point Delta One,Redes,3360.51,0.3076923076923077
77,2.0,13.0,Desktop Vertex Pulse,Computadoras,17232.06,0.15384615384615385
221,1.0,13.0,Auriculares Gaming Delta Neo,Audio,1737.0,0.07692307692307693
134,0.0,13.0,Smartphone Orbit SE Lite,Smartphones,3973.0,0.0
104,5.0,13.0,Mini PC Zylo Air,Computadoras,38907.41,0.38461538461538464
94,0.0,13.0,Mini PC Lumen SE,Computadoras,58178.52,0.0
331,1.0,13.0,Monitor Portatil Kortex Zen,Monitores,12535.65,0.07692307692307693
22,0.0,13.0,Desktop Auric Prime,Computadoras,14001.33,0.0
31,0.0,12.0,Laptop Auric Zen,Computadoras,38226.0,0.0
555,0.0,12.0,Access Point Onyx Mini,Redes,1011.56,0.0
26,1.0,12.0,Laptop Auric Plus,Computadoras,53168.01,0.08333333333333333
578,0.0,12.0,Router Nova Nova,Redes,5427.05,0.0
188,1.0,12.0,Foldable Helix Ultra,Smartphones,6551.92,0.08333333333333333
304,1.0,12.0,Audifonos Auric Air,Audio,475.47,0.08333333333333333
13,0.0,12.0,Workstation Nova GT,Computadoras,22061.28,0.0
299,4.0,12.0,Audifonos Nova Vertex,Audio,1601.0,0.3333333333333333
469,0.0,12.0,Hub USB-C Helix Core,Accesorios,4056.55,0.0
42,1.0,12.0,Desktop Kortex Prime,Computadoras,44549.41,0.08333333333333333
110,1.0,12.0,Smartphone Zylo Edge,Smartphones,25540.08,0.08333333333333333
464,2.0,12.0,Hub USB-C Helix Air,Accesorios,225.0,0.16666666666666666
79,2.0,12.0,Mini PC Vertex Vertex,Computadoras,54722.42,0.16666666666666666
535,1.0,12.0,Access Point Praxis Mini,Redes,2210.0,0.08333333333333333
474,0.0,12.0,Hub USB-C Helix SE,Accesorios,3638.88,0.0
468,1.0,11.0,Webcam Helix Ultra,Accesorios,367.66,0.09090909090909091
330,3.0,11.0,Monitor 4K Kortex Edge,Monitores,7517.64,0.2727272727272727
126,1.0,11.0,Tablet Orbit Plus,Smartphones,6207.95,0.09090909090909091
440,0.0,11.0,Teclado Mecanico Nimbus One,Accesorios,1344.0,0.0
103,0.0,11.0,Workstation Zylo Elite,Computadoras,17033.51,0.0
458,0.0,11.0,Webcam Quartz Nova,Accesorios,372.52,0.0
184,3.0,11.0,Smartphone Helix Air Lite,Smartphones,14525.98,0.2727272727272727
495,3.0,11.0,Teclado Mecanico Cobalto Mini,Accesorios,775.96,0.2727272727272727
461,3.0,11.0,Mouse Helix Neo,Accesorios,3021.0,0.2727272727272727
297,0.0,11.0,Barra de Sonido Nova Pulse,Audio,3306.83,0.0
533,0.0,11.0,Router Praxis GT,Redes,2016.78,0.0
197,2.0,11.0,Smartphone Helix Pulse Pro,Smartphones,37861.79,0.18181818181818182
488,2.0,11.0,Webcam Cobalto Ultra,Accesorios,668.51,0.18181818181818182
146,5.0,11.0,TABLET NIMBUS PLUS,Smartphones,7276.84,0.45454545454545453
588,3.0,11.0,Router Auric Ultra,Redes,11407.11,0.2727272727272727
365,0.0,11.0,Monitor 4K Lumen Max,Monitores,5591.15,0.0
427,1.0,11.0,Mousepad Nimbus Lite,Accesorios,152.0,0.09090909090909091
173,3.0,11.0,Foldable Quartz GT,Smartphones,13426.8,0.2727272727272727
192,1.0,11.0,Smartphone Helix Pro Pro,Smartphones,4268.11,0.09090909090909091
80,3.0,11.0,All-in-One Vertex One,Computadoras,13070.4,0.2727272727272727
600,0.0,10.0,Access Point Auric One,Redes,14080.43,0.0
577,1.0,10.0,Cable de Red Nova Pulse,Redes,7085.73,0.1
371,2.0,10.0,Monitor Portatil Lumen Zen,Monitores,23441.01,0.2
240,2.0,10.0,Bocina Bluetooth Delta One,Audio,6081.11,0.2
288,2.0,10.0,Microfono Nova Ultra,Audio,5296.45,0.2
255,2.0,10.0,Bocina Bluetooth Praxis Mini,Audio,9337.0,0.2
44,2.0,10.0,Mini PC Kortex Air,Computadoras,32249.2,0.2
181,0.0,10.0,Tablet Helix Neo,Smartphones,23260.26,0.0
351,1.0,10.0,Monitor Portatil Vertex Zen,Monitores,2168.74,0.1
176,3.0,10.0,Tablet Quartz Fury,Smartphones,5435.69,0.3
512,2.0,10.0,Mousepad Delta Pro,Accesorios,1287.31,0.2
67,1.0,10.0,Desktop Vertex Lite,Computadoras,15836.0,0.1
416,2.0,10.0,Mouse Orbit Fury,Accesorios,542.0,0.2
421,3.0,10.0,Mouse Nimbus Neo,Accesorios,863.95,0.3
377,2.0,10.0,Monitor Lumen Pulse,Monitores,3602.74,0.2
407,0.0,10.0,Monitor Orbit Lite,Monitores,19163.47,0.0
493,0.0,10.0,Webcam Cobalto GT,Accesorios,615.51,0.0
522,0.0,9.0,Cable de Red Praxis Prime,Redes,1520.0,0.0
346,0.0,9.0,Monitor Portatil Vertex Plus,Monitores,8515.94,0.0
498,1.0,9.0,Webcam Cobalto Nova,Accesorios,943.07,0.1111111111111111
76,1.0,9.0,Laptop Vertex Fury,Computadoras,18729.75,0.1111111111111111
508,3.0,9.0,Webcam Delta Ultra,Accesorios,164.68,0.3333333333333333
52,1.0,9.0,Desktop Kortex Pro,Computadoras,38900.13,0.1111111111111111
122,1.0,9.0,Smartphone Orbit Prime Pro,Smartphones,4404.82,0.1111111111111111
265,0.0,9.0,Bocina Bluetooth Onyx Max,Audio,760.0,0.0
243,0.0,9.0,Microfono Praxis Elite,Audio,7122.0,0.0
49,0.0,9.0,Mini PC Kortex Core,Computadoras,51081.62,0.0
341,1.0,9.0,Monitor Portatil Vertex Neo,Monitores,4244.16,0.1111111111111111
92,2.0,9.0,Desktop Lumen Pro,Computadoras,29023.0,0.2222222222222222
602,1.0,9.0,Cable de Red Kortex Prime,Redes,8429.83,0.1111111111111111
43,0.0,9.0,Workstation Kortex Elite,Computadoras,13400.48,0.0
287,1.0,9.0,Barra de Sonido Nova Lite,Audio,1656.0,0.1111111111111111
257,1.0,9.0,Barra de Sonido Praxis Pulse,Audio,2514.23,0.1111111111111111
571,1.0,9.0,Adaptador WiFi Nova Zen,Redes,5252.0,0.1111111111111111
260,0.0,8.0,Bocina Bluetooth Praxis One,Audio,644.34,0.0
311,1.0,8.0,Auriculares Gaming Auric Zen,Audio,742.92,0.125
56,1.0,8.0,Laptop Kortex Fury,Computadoras,18375.86,0.125
267,1.0,8.0,BARRA DE SONIDO ONYX LITE,Audio,7520.58,0.125
262,2.0,8.0,Barra de Sonido Onyx Prime,Audio,596.2,0.25
254,5.0,8.0,Audifonos Praxis SE,Audio,1176.97,0.625
93,0.0,8.0,Workstation Lumen GT,Computadoras,43980.89,0.0
327,1.0,8.0,Monitor Kortex Lite,Monitores,14660.89,0.125
159,0.0,8.0,Smartphone Nimbus Vertex Lite,Smartphones,3901.05,0.0
194,0.0,8.0,Smartphone Helix SE Lite,Smartphones,35912.42,0.0
212,0.0,8.0,Barra de Sonido Cobalto Pro,Audio,485.0,0.0
37,1.0,8.0,Desktop Auric Pulse,Computadoras,16371.57,0.125
338,2.0,8.0,Monitor Gamer Kortex Nova,Monitores,2541.0,0.25
144,0.0,8.0,Smartphone Nimbus Air Lite,Smartphones,13818.03,0.0
132,0.0,8.0,Smartphone Orbit Pro Pro,Smartphones,5345.95,0.0
120,0.0,8.0,Smartphone Zylo One,Smartphones,36962.01,0.0
214,3.0,8.0,Audifonos Cobalto SE,Audio,412.88,0.375
370,3.0,8.0,Monitor 4K Lumen Edge,Monitores,8863.69,0.375
95,1.0,8.0,All-in-One Lumen Mini,Computadoras,51105.77,0.125
131,1.0,8.0,Tablet Orbit Zen,Smartphones,26459.89,0.125
183,3.0,8.0,Foldable Helix Elite,Smartphones,9228.02,0.375
565,0.0,8.0,Access Point Nova Max,Redes,2302.59,0.0
556,0.0,8.0,Adaptador WiFi Onyx Fury,Redes,858.14,0.0
72,1.0,8.0,Desktop Vertex Pro,Computadoras,19375.14,0.125
185,2.0,8.0,Smartphone Helix Max,Smartphones,11060.0,0.25
426,3.0,8.0,Mouse Nimbus Plus,Accesorios,554.04,0.375
606,0.0,8.0,Adaptador WiFi Kortex Plus,Redes,1587.17,0.0
57,1.0,8.0,Desktop Kortex Pulse,Computadoras,17856.88,0.125
511,0.0,8.0,Mouse Delta Zen,Accesorios,852.71,0.0
34,1.0,8.0,Mini PC Auric SE,Computadoras,63820.31,0.125
284,0.0,8.0,Audifonos Nova Air,Audio,704.15,0.0
489,4.0,7.0,Hub USB-C Cobalto Core,Accesorios,722.97,0.5714285714285714
168,1.0,7.0,Foldable Quartz Ultra,Smartphones,11578.76,0.14285714285714285
438,1.0,7.0,Webcam Nimbus Nova,Accesorios,1452.0,0.14285714285714285
420,0.0,7.0,Teclado Mecanico Orbit One,Accesorios,180.56,0.0
345,0.0,7.0,Monitor 4K Vertex Max,Monitores,2800.57,0.0
574,0.0,7.0,Switch Nova SE,Redes,11070.22,0.0
385,0.0,7.0,Monitor 4K Zylo Max,Monitores,1800.0,0.0
384,0.0,7.0,Monitor Ultrawide Zylo Air,Monitores,10968.12,0.0
244,0.0,7.0,Audifonos Praxis Air,Audio,8672.97,0.0
172,0.0,7.0,Smartphone Quartz Pro Pro,Smartphones,3632.94,0.0
74,0.0,7.0,Mini PC Vertex SE,Computadoras,44781.0,0.0
53,0.0,7.0,Workstation Kortex GT,Computadoras,16779.87,0.0
133,0.0,7.0,Foldable Orbit GT,Smartphones,21142.0,0.0
164,0.0,7.0,Smartphone Quartz Air Lite,Smartphones,13854.0,0.0
575,3.0,7.0,Access Point Nova Mini,Redes,1968.0,0.42857142857142855
203,2.0,7.0,Foldable Cobalto Elite,Smartphones,8829.0,0.2857142857142857
398,2.0,7.0,Monitor Gamer Zylo Nova,Monitores,2143.84,0.2857142857142857
375,4.0,7.0,Monitor 4K Lumen Mini,Monitores,5026.26,0.5714285714285714
275,1.0,7.0,Bocina Bluetooth Onyx Mini,Audio,2036.34,0.14285714285714285
237,4.0,7.0,Barra de Sonido Delta Pulse,Audio,904.98,0.5714285714285714
86,7.0,7.0,Laptop Lumen Plus,Computadoras,37053.65,1.0
231,3.0,7.0,Auriculares Gaming Delta Zen,Audio,2027.82,0.42857142857142855
40,0.0,7.0,All-in-One Auric One,Computadoras,33097.0,0.0
459,0.0,7.0,Hub USB-C Quartz Vertex,Accesorios,1255.48,0.0
58,2.0,7.0,Workstation Kortex Nova,Computadoras,65036.76,0.2857142857142857
289,0.0,7.0,Audifonos Nova Core,Audio,1021.0,0.0
310,3.0,7.0,BOCINA BLUETOOTH AURIC EDGE,Audio,4367.99,0.42857142857142855
89,2.0,6.0,Mini PC Lumen Core,Computadoras,23366.8,0.3333333333333333
449,1.0,6.0,Hub USB-C Quartz Core,Accesorios,2103.36,0.16666666666666666
417,1.0,6.0,Mousepad Orbit Pulse,Accesorios,351.91,0.16666666666666666
514,2.0,6.0,Hub USB-C Delta SE,Accesorios,244.0,0.3333333333333333
306,0.0,6.0,AURICULARES GAMING AURIC PLUS,Audio,1972.78,0.0
541,0.0,6.0,Adaptador WiFi Onyx Neo,Redes,2040.51,0.0
302,2.0,6.0,Barra de Sonido Auric Prime,Audio,2861.27,0.3333333333333333
582,2.0,6.0,CABLE DE RED AURIC PRIME,Redes,5334.4,0.3333333333333333
406,2.0,6.0,Monitor Portatil Orbit Plus,Monitores,6801.0,0.3333333333333333
312,1.0,6.0,Monitor Auric Pro,Monitores,2695.52,0.16666666666666666
50,1.0,6.0,All-in-One Kortex Edge,Computadoras,22069.52,0.16666666666666666
48,2.0,6.0,Workstation Kortex Ultra,Computadoras,31235.81,0.3333333333333333
232,0.0,6.0,Barra de Sonido Delta Pro,Audio,681.0,0.0
261,0.0,6.0,Auriculares Gaming Onyx Neo,Audio,6917.86,0.0
63,0.0,6.0,Workstation Vertex Elite,Computadoras,61098.0,0.0
605,2.0,6.0,Access Point Kortex Max,Redes,741.12,0.3333333333333333
603,3.0,6.0,Router Kortex Elite,Redes,1952.88,0.5
7,0.0,6.0,Desktop Nova Lite,Computadoras,27100.03,0.0
358,3.0,6.0,Monitor Gamer Vertex Nova,Monitores,2475.35,0.5
456,0.0,6.0,Mouse Quartz Fury,Accesorios,1043.0,0.0
128,4.0,6.0,Foldable Orbit Ultra,Smartphones,29282.83,0.6666666666666666
285,1.0,6.0,Bocina Bluetooth Nova Max,Audio,1459.41,0.16666666666666666
395,4.0,6.0,Monitor 4K Zylo Mini,Monitores,11207.81,0.6666666666666666
521,1.0,6.0,Adaptador WiFi Praxis Neo,Redes,7452.11,0.16666666666666666
8,0.0,5.0,Workstation Nova Ultra,Computadoras,57478.79,0.0
376,1.0,5.0,Monitor Portatil Lumen Fury,Monitores,2246.87,0.2
525,2.0,5.0,Access Point Praxis Max,Redes,9670.16,0.4
473,6.0,5.0,Webcam Helix GT,Accesorios,2346.0,1.2
451,1.0,5.0,Mouse Quartz Zen,Accesorios,2041.42,0.2
439,5.0,5.0,Hub USB-C Nimbus Vertex,Accesorios,407.43,1.0
389,0.0,5.0,Monitor Ultrawide Zylo Core,Monitores,3131.91,0.0
339,0.0,5.0,Monitor Ultrawide Kortex Vertex,Monitores,20051.22,0.0
154,1.0,5.0,Smartphone Nimbus SE Lite,Smartphones,19828.54,0.2
378,7.0,5.0,Monitor Gamer Lumen Nova,Monitores,8470.0,1.4
554,1.0,5.0,Switch Onyx SE,Redes,10738.0,0.2
220,0.0,5.0,Bocina Bluetooth Cobalto One,Audio,4307.38,0.0
269,0.0,5.0,Audifonos Onyx Core,Audio,4544.06,0.0
117,3.0,5.0,Smartphone Zylo Pulse Pro,Smartphones,28856.54,0.6
17,1.0,5.0,Desktop Nova Pulse,Computadoras,15188.0,0.2
348,1.0,5.0,Monitor Gamer Vertex Ultra,Monitores,21842.43,0.2
156,0.0,5.0,Tablet Nimbus Fury,Smartphones,36447.38,0.0
106,1.0,5.0,Tablet Zylo Plus,Smartphones,33800.82,0.2
410,1.0,5.0,Monitor 4K Orbit Edge,Monitores,2824.3,0.2
584,1.0,5.0,Switch Auric Air,Redes,14346.48,0.2
390,7.0,5.0,Monitor 4K Zylo Edge,Monitores,11337.65,1.4
180,1.0,4.0,Smartphone Quartz One,Smartphones,29210.55,0.25
124,0.0,4.0,Smartphone Orbit Air Lite,Smartphones,36262.62,0.0
239,0.0,4.0,Audifonos Delta Vertex,Audio,6240.0,0.0
137,0.0,4.0,Smartphone Orbit Pulse Pro,Smartphones,42000.0,0.0
100,0.0,4.0,All-in-One Lumen One,Computadoras,17834.23,0.0
466,0.0,4.0,Mouse Helix Plus,Accesorios,361.84,0.0
545,5.0,4.0,Access Point Onyx Max,Redes,11443.06,1.25
419,0.0,4.0,HUB USB-C ORBIT VERTEX,Accesorios,280.0,0.0
483,1.0,4.0,Webcam Cobalto Elite,Accesorios,2656.31,0.25
199,1.0,4.0,Smartphone Helix Vertex Lite,Smartphones,24765.63,0.25
509,2.0,4.0,Hub USB-C Delta Core,Accesorios,603.92,0.5
394,0.0,4.0,Monitor Ultrawide Zylo SE,Monitores,2442.57,0.0
463,3.0,4.0,Webcam Helix Elite,Accesorios,339.83,0.75
567,1.0,4.0,Cable de Red Nova Lite,Redes,978.47,0.25
129,2.0,4.0,Smartphone Orbit Core Lite,Smartphones,24143.58,0.5
332,1.0,3.0,Monitor Kortex Pro,Monitores,16589.0,0.3333333333333333
130,1.0,3.0,Smartphone Orbit Edge,Smartphones,12494.0,0.3333333333333333
481,3.0,3.0,Mouse Cobalto Neo,Accesorios,3251.0,1.0
157,1.0,3.0,Smartphone Nimbus Pulse Pro,Smartphones,13768.16,0.3333333333333333
60,2.0,3.0,All-in-One Kortex One,Computadoras,48462.73,0.6666666666666666
411,0.0,3.0,Monitor Portatil Orbit Zen,Monitores,25253.96,0.0
579,1.0,3.0,Switch Nova Vertex,Redes,3346.39,0.3333333333333333
135,3.0,3.0,Smartphone Orbit Mini,Smartphones,8232.79,1.0
258,2.0,3.0,Microfono Praxis Nova,Audio,5972.48,0.6666666666666666
198,1.0,2.0,Foldable Helix Nova,Smartphones,14532.61,0.5
308,4.0,2.0,Microfono Auric Ultra,Audio,2045.61,2.0
200,0.0,2.0,SMARTPHONE HELIX ONE,Smartphones,4786.57,0.0
178,0.0,2.0,Foldable Quartz Nova,Smartphones,29863.52,0.0
127,0.0,2.0,Smartphone Orbit Lite Pro,Smartphones,5053.47,0.0
597,1.0,2.0,Cable de Red Auric Pulse,Redes,1471.53,0.5
336,1.0,2.0,Monitor Portatil Kortex Fury,Monitores,3813.68,0.5
136,1.0,2.0,Tablet Orbit Fury,Smartphones,20224.22,0.5
507,1.0,2.0,Mousepad Delta Lite,Accesorios,572.23,0.5
82,4.0,2.0,Desktop Lumen Prime,Computadoras,26390.1,2.0
213,1.0,2.0,Microfono Cobalto GT,Audio,1117.04,0.5
551,2.0,2.0,Adaptador WiFi Onyx Zen,Redes,10480.07,1.0
528,1.0,2.0,Router Praxis Ultra,Redes,1560.8,0.5
368,2.0,2.0,Monitor Gamer Lumen Ultra,Monitores,2004.61,1.0
492,0.0,2.0,Mousepad Cobalto Pro,Accesorios,3107.03,0.0
97,1.0,2.0,Desktop Lumen Pulse,Computadoras,44347.0,0.5
33,0.0,2.0,Workstation Auric GT,Computadoras,45533.09,0.0
182,1.0,1.0,Smartphone Helix Prime Pro,Smartphones,5269.41,1.0
201,1.0,1.0,Tablet Cobalto Neo,Smartphones,12657.76,1.0
436,0.0,1.0,Mouse Nimbus Fury,Accesorios,195.05,0.0
587,0.0,1.0,Cable de Red Auric Lite,Redes,6063.0,0.0
518,0.0,1.0,Router Delta Nova,Redes,884.39,0.0
564,0.0,1.0,SWITCH NOVA AIR,Redes,16332.52,0.0
478,0.0,1.0,Webcam Helix Nova,Accesorios,401.93,0.0
550,1.0,1.0,Access Point Onyx Edge,Redes,12661.44,1.0
305,1.0,1.0,Bocina Bluetooth Auric Max,Audio,1008.0,1.0
298,1.0,1.0,Microfono Nova Nova,Audio,747.43,1.0
202,0.0,1.0,Smartphone Cobalto Prime Pro,Smartphones,9188.59,0.0
229,1.0,1.0,Audifonos Delta Core,Audio,843.37,1.0
91,0.0,1.0,Laptop Lumen Zen,Computadoras,16734.15,0.0
71,0.0,1.0,Laptop Vertex Zen,Computadoras,15201.53,0.0
328,1.0,1.0,Monitor Gamer Kortex Ultra,Monitores,13737.01,1.0
374,0.0,1.0,Monitor Ultrawide Lumen SE,Monitores,22016.61,0.0
