id_producto,producto_nombre,categoria,facturacion,unidades,pct_del_total,acumulado_pct,posicion,lleva_80_pct,productos_hasta_80,pct_productos_hasta_80
90,All-in-One Lumen Edge,Computadoras,11937552.01,216,9.37482930988879,9.37482930988879,1,False,124,24.124513618677042
123,Foldable Orbit Elite,Smartphones,2778463.02,151,2.1819897860564903,11.556819095945281,2,False,124,24.124513618677042
18,Workstation Nova Nova,Computadoras,2719050.1,55,2.1353314776080334,13.692150573553315,3,False,124,24.124513618677042
20,All-in-One Nova One,Computadoras,2641171.5100000002,55,2.0741716612961785,15.766322234849493,4,False,124,24.124513618677042
51,Laptop Kortex Zen,Computadoras,2624020.15,39,2.0607023107712332,17.827024545620727,5,False,124,24.124513618677042
5,All-in-One Nova Max,Computadoras,2306493.71,90,1.8113416232631883,19.638366168883916,6,False,124,24.124513618677042
54,Mini PC Kortex SE,Computadoras,2244901.7199999997,35,1.7629720419099357,21.401338210793853,7,False,124,24.124513618677042
27,Desktop Auric Lite,Computadoras,1892864.51,71,1.4865092669863296,22.88784747778018,8,False,124,24.124513618677042
145,Smartphone Nimbus Max,Smartphones,1798445.16,44,1.4123596181253943,24.300207095905574,9,False,124,24.124513618677042
83,Workstation Lumen Elite,Computadoras,1705165.6400000001,31,1.33910510351672,25.639312199422292,10,False,124,24.124513618677042
113,Foldable Zylo GT,Smartphones,1697926.19,69,1.3334197998639592,26.972731999286253,11,False,124,24.124513618677042
19,Mini PC Nova Vertex,Computadoras,1661510.47,32,1.3048217121730554,28.27755371145931,12,False,124,24.124513618677042
163,Foldable Quartz Elite,Smartphones,1601317.73,46,1.2575509934593856,29.535104704918695,13,False,124,24.124513618677042
399,Monitor Ultrawide Zylo Vertex,Monitores,1587154.69,61,1.2464284381483886,30.781533143067083,14,False,124,24.124513618677042
101,Laptop Zylo Neo,Computadoras,1424040.26,39,1.1183309908703511,31.899864133937434,15,False,124,24.124513618677042
4,Mini PC Nova Air,Computadoras,1368261.5699999998,24,1.0745267253524997,32.97439085928993,16,False,124,24.124513618677042
155,Smartphone Nimbus Mini,Smartphones,1244491.97,35,0.9773276620285268,33.95171852131846,17,False,124,24.124513618677042
324,Monitor Ultrawide Kortex Air,Monitores,1218240.47,252,0.9567117659534867,34.90843028727195,18,False,124,24.124513618677042
64,Mini PC Vertex Air,Computadoras,1187710.8599999999,87,0.9327361734360493,35.841166460707996,19,False,124,24.124513618677042
78,Workstation Vertex Nova,Computadoras,1177472.03,24,0.9246953889014515,36.76586184960945,20,False,124,24.124513618677042
153,Foldable Nimbus GT,Smartphones,1164376.51,33,0.9144111811659466,37.680273030775396,21,False,124,24.124513618677042
69,Mini PC Vertex Core,Computadoras,1083846.08,33,0.8511688149865554,38.531441845761954,22,False,124,24.124513618677042
32,Desktop Auric Pro,Computadoras,1068230.73,19,0.838905727819141,39.37034757358109,23,False,124,24.124513618677042
21,Laptop Auric Neo,Computadoras,1029261.6,25,0.8083023895636232,40.178649963144714,24,False,124,24.124513618677042
313,Monitor Gamer Auric GT,Monitores,1019187.12,46,0.8003906727973406,40.979040635942056,25,False,124,24.124513618677042
98,Workstation Lumen Nova,Computadoras,1017410.37,26,0.7989953508785425,41.7780359868206,26,False,124,24.124513618677042
179,Smartphone Quartz Vertex Lite,Smartphones,1011801.54,41,0.7945906099539259,42.572626596774526,27,False,124,24.124513618677042
59,Mini PC Kortex Vertex,Computadoras,979166.24,31,0.7689613715036373,43.34158796827816,28,False,124,24.124513618677042
29,Mini PC Auric Core,Computadoras,968506.41,58,0.7605899661569868,44.10217793443515,29,False,124,24.124513618677042
343,Monitor Gamer Vertex Elite,Monitores,962836.21,51,0.7561370299847798,44.858314964419925,30,False,124,24.124513618677042
25,All-in-One Auric Max,Computadoras,958533.84,22,0.7527582816162534,45.61107324603618,31,False,124,24.124513618677042
405,Monitor 4K Orbit Max,Monitores,912030.61,35,0.716238244405668,46.32731149044184,32,False,124,24.124513618677042
14,Mini PC Nova SE,Computadoras,905151.02,32,0.7108355469415655,47.03814703738341,33,False,124,24.124513618677042
170,Smartphone Quartz Edge,Smartphones,881892.27,43,0.6925699250595649,47.730716962442976,34,False,124,24.124513618677042
414,Monitor Ultrawide Orbit SE,Monitores,869575.3,32,0.6828971302295787,48.41361409267255,35,False,124,24.124513618677042
65,All-in-One Vertex Max,Computadoras,834324.56,54,0.6552139276541732,49.06882802032673,36,False,124,24.124513618677042
41,Laptop Kortex Neo,Computadoras,831088.87,17,0.6526728671901597,49.72150088751689,37,False,124,24.124513618677042
55,All-in-One Kortex Mini,Computadoras,765504.46,16,0.6011679482063752,50.32266883572326,38,False,124,24.124513618677042
36,Laptop Auric Fury,Computadoras,753173.76,27,0.591484370897174,50.91415320662044,39,False,124,24.124513618677042
118,Foldable Zylo Nova,Smartphones,751584.8999999999,31,0.5902366032405528,51.504389809860996,40,False,124,24.124513618677042
45,All-in-One Kortex Max,Computadoras,750625.51,17,0.5894831725971447,52.09387298245814,41,False,124,24.124513618677042
94,Mini PC Lumen SE,Computadoras,746768.6,13,0.5864542540313186,52.680327236489454,42,False,124,24.124513618677042
596,Adaptador WiFi Auric Fury,Redes,722716.2,48,0.5675653608726308,53.24789259736208,43,False,124,24.124513618677042
360,Monitor 4K Vertex One,Monitores,717711.36,55,0.5636349469415334,53.811527544303615,44,False,124,24.124513618677042
73,Workstation Vertex GT,Computadoras,703006.27,21,0.5520867075184867,54.3636142518221,45,False,124,24.124513618677042
149,Smartphone Nimbus Core Lite,Smartphones,683106.52,25,0.5364589842295593,54.90007323605166,46,False,124,24.124513618677042
373,Monitor Gamer Lumen GT,Monitores,671575.0299999999,33,0.5274030445906676,55.42747628064233,47,False,124,24.124513618677042
526,Adaptador WiFi Praxis Plus,Redes,662613.88,88,0.5203656510279057,55.94784193167024,48,False,124,24.124513618677042
347,Monitor Vertex Lite,Monitores,654505.21,24,0.513997729270033,56.46183966094027,49,False,124,24.124513618677042
79,Mini PC Vertex Vertex,Computadoras,650516.24,12,0.5108651010024501,56.97270476194272,50,False,124,24.124513618677042
26,Laptop Auric Plus,Computadoras,638016.12,12,0.501048474339382,57.47375323628211,51,False,124,24.124513618677042
47,Desktop Kortex Lite,Computadoras,601673.38,33,0.4725076994913847,57.946260935773495,52,False,124,24.124513618677042
81,Laptop Lumen Neo,Computadoras,598574.87,18,0.4700743695808093,58.4163353053543,53,False,124,24.124513618677042
314,Monitor Ultrawide Auric SE,Monitores,594670.04,40,0.4670078183562812,58.88334312371058,54,False,124,24.124513618677042
143,Foldable Nimbus Elite,Smartphones,554466.7,29,0.4354352271020861,59.318778350812664,55,False,124,24.124513618677042
359,Monitor Ultrawide Vertex Vertex,Monitores,540519.69,32,0.42448232503105987,59.74326067584372,56,False,124,24.124513618677042
11,Laptop Nova Zen,Computadoras,539912.75,40,0.4240056813358888,60.167266357179614,57,False,124,24.124513618677042
386,Monitor Portatil Zylo Plus,Monitores,538323.59,35,0.42275767808248954,60.590024035262104,58,False,124,24.124513618677042
42,Desktop Kortex Prime,Computadoras,534592.92,12,0.4198278986409236,61.00985193390303,59,False,124,24.124513618677042
121,Tablet Orbit Neo,Smartphones,511140.07,40,0.4014098456434376,61.411261779546464,60,False,124,24.124513618677042
236,Auriculares Gaming Delta Fury,Audio,508044.08,155,0.39897849474579883,61.81024027429226,61,False,124,24.124513618677042
34,Mini PC Auric SE,Computadoras,502972.36,8,0.39499555843961814,62.20523583273188,62,False,124,24.124513618677042
104,Mini PC Zylo Air,Computadoras,498523.5,13,0.3915017681643043,62.59673760089618,63,False,124,24.124513618677042
355,Monitor 4K Vertex Mini,Monitores,497294.54,34,0.39053663810924527,62.98727423900543,64,False,124,24.124513618677042
206,Tablet Cobalto Plus,Smartphones,490669.06,14,0.3853334989694911,63.372607737974924,65,False,124,24.124513618677042
147,Smartphone Nimbus Lite Pro,Smartphones,484776.52,57,0.3807059541717456,63.75331369214667,66,False,124,24.124513618677042
222,Barra de Sonido Delta Prime,Audio,470361.39,83,0.3693854268880402,64.1226991190347,67,False,124,24.124513618677042
165,Smartphone Quartz Max,Smartphones,460115.39,53,0.36133901159044346,64.48403813062515,68,False,124,24.124513618677042
205,Smartphone Cobalto Max,Smartphones,458050.38,16,0.3597173125807138,64.84375544320586,69,False,124,24.124513618677042
31,Laptop Auric Zen,Computadoras,456623.47,12,0.3585967279181827,65.20235217112405,70,False,124,24.124513618677042
58,Workstation Kortex Nova,Computadoras,455257.32,7,0.3575238594564599,65.55987603058051,71,False,124,24.124513618677042
391,Monitor Portatil Zylo Zen,Monitores,454215.38,41,0.35670560043292115,65.91658163101343,72,False,124,24.124513618677042
49,Mini PC Kortex Core,Computadoras,450471.12,9,0.3537651484573034,66.27034677947073,73,False,124,24.124513618677042
187,Smartphone Helix Lite Pro,Smartphones,446829.36,29,0.3509051920475654,66.62125197151829,74,False,124,24.124513618677042
162,Smartphone Quartz Prime Pro,Smartphones,428226.76,13,0.3362961499613783,66.95754812147968,75,False,124,24.124513618677042
190,Smartphone Helix Edge,Smartphones,425620.24,25,0.3342491909137995,67.29179731239347,76,False,124,24.124513618677042
2,Desktop Nova Prime,Computadoras,420017.47,17,0.3298492090441025,67.62164652143757,77,False,124,24.124513618677042
197,Smartphone Helix Pulse Pro,Smartphones,414502.67,11,0.3255183120029951,67.94716483344057,78,False,124,24.124513618677042
353,Monitor Gamer Vertex GT,Monitores,410238.20999999996,22,0.32216933521400526,68.26933416865457,79,False,124,24.124513618677042
95,All-in-One Lumen Mini,Computadoras,408846.16,8,0.3210761268970992,68.59041029555166,80,False,124,24.124513618677042
335,Monitor 4K Kortex Mini,Monitores,403373.32,22,0.31677818199203395,68.9071884775437,81,False,124,24.124513618677042
245,Bocina Bluetooth Praxis Max,Audio,402010.46,111,0.3157078972416452,69.22289637478535,82,False,124,24.124513618677042
38,Workstation Auric Nova,Computadoras,399125.8,13,0.3134425085677856,69.53633888335314,83,False,124,24.124513618677042
325,Monitor 4K Kortex Max,Monitores,393642.72,16,0.30913652195935826,69.8454754053125,84,False,124,24.124513618677042
177,Smartphone Quartz Pulse Pro,Smartphones,383180.11,15,0.3009199979346863,70.14639540324718,85,False,124,24.124513618677042
68,Workstation Vertex Ultra,Computadoras,379499.33999999997,22,0.29802940609055834,70.44442480933775,86,False,124,24.124513618677042
84,Mini PC Lumen Air,Computadoras,374281.52,23,0.29393173415340185,70.73835654349115,87,False,124,24.124513618677042
140,Smartphone Orbit One,Smartphones,371774.56,16,0.2919629618232766,71.03031950531442,88,False,124,24.124513618677042
88,Workstation Lumen Ultra,Computadoras,370867.83999999997,13,0.29125089412089156,71.32157039943532,89,False,124,24.124513618677042
63,Workstation Vertex Elite,Computadoras,362212.57,6,0.28445371503316663,71.60602411446848,90,False,124,24.124513618677042
320,Monitor 4K Auric One,Monitores,356402.52,34,0.2798909514961959,71.88591506596468,91,False,124,24.124513618677042
102,Desktop Zylo Prime,Computadoras,355206.20999999996,13,0.27895146222382927,72.16486652818851,92,False,124,24.124513618677042
392,Monitor Zylo Pro,Monitores,352411.08,21,0.276756383481806,72.44162291167032,93,False,124,24.124513618677042
380,Monitor 4K Lumen One,Monitores,352137.7,14,0.27654169199107226,72.71816460366139,94,False,124,24.124513618677042
93,Workstation Lumen GT,Computadoras,351848.0,8,0.2763141840356054,72.99447878769699,95,False,124,24.124513618677042
35,All-in-One Auric Mini,Computadoras,350546.33,16,0.2752919531747404,73.26977074087173,96,False,124,24.124513618677042
357,Monitor Vertex Pulse,Monitores,346914.56,30,0.27243984213771594,73.54221058300945,97,False,124,24.124513618677042
52,Desktop Kortex Pro,Computadoras,346202.91,9,0.2718809673137324,73.81409155032318,98,False,124,24.124513618677042
586,Adaptador WiFi Auric Plus,Redes,343923.68,20,0.2700910364979271,74.08418258682111,99,False,124,24.124513618677042
544,Switch Onyx Air,Redes,343174.96,26,0.26950304976538597,74.3536856365865,100,False,124,24.124513618677042
204,Smartphone Cobalto Air Lite,Smartphones,337895.8,20,0.2653572061403166,74.61904284272683,101,False,124,24.124513618677042
139,Smartphone Orbit Vertex Lite,Smartphones,335037.52999999997,15,0.2631125421297113,74.88215538485653,102,False,124,24.124513618677042
66,Laptop Vertex Plus,Computadoras,333329.77,22,0.26177139961666973,75.1439267844732,103,False,124,24.124513618677042
409,Monitor Ultrawide Orbit Core,Monitores,327181.67,24,0.2569431577768147,75.40086994225001,104,False,124,24.124513618677042
30,All-in-One Auric Edge,Computadoras,325384.8,16,0.2555320351674264,75.65640197741743,105,False,124,24.124513618677042
408,Monitor Gamer Orbit Ultra,Monitores,320376.27,13,0.2515987233959574,75.90800070081339,106,False,124,24.124513618677042
87,Desktop Lumen Lite,Computadoras,319156.0,14,0.2506404177942398,76.15864111860763,107,False,124,24.124513618677042
333,Monitor Gamer Kortex GT,Monitores,318654.75,45,0.2502467748440231,76.40888789345166,108,False,124,24.124513618677042
39,Mini PC Auric Vertex,Computadoras,317422.08999999997,17,0.24927873909536646,76.65816663254702,109,False,124,24.124513618677042
44,Mini PC Kortex Air,Computadoras,317153.74,10,0.24906799777728036,76.9072346303243,110,False,124,24.124513618677042
108,Foldable Zylo Ultra,Smartphones,316278.76,25,0.24838085621402728,77.15561548653832,111,False,124,24.124513618677042
362,Monitor Lumen Prime,Monitores,315995.46,16,0.24815837432316168,77.40377386086149,112,False,124,24.124513618677042
74,Mini PC Vertex SE,Computadoras,309608.13,7,0.24314225975915635,77.64691612062065,113,False,124,24.124513618677042
277,Barra de Sonido Onyx Pulse,Audio,307411.26,41,0.24141700811218864,77.88833312873284,114,False,124,24.124513618677042
110,Smartphone Zylo Edge,Smartphones,302181.71,12,0.23731012434100507,78.12564325307385,115,False,124,24.124513618677042
404,Monitor Ultrawide Orbit Air,Monitores,297865.39,46,0.23392042072229308,78.35956367379615,116,False,124,24.124513618677042
148,Foldable Nimbus Ultra,Smartphones,295419.54,31,0.23199963945588403,78.59156331325202,117,False,124,24.124513618677042
120,Smartphone Zylo One,Smartphones,292885.70999999996,8,0.23000976550765936,78.82157307875968,118,False,124,24.124513618677042
369,Monitor Ultrawide Lumen Core,Monitores,292472.02999999997,34,0.22968489325699476,79.05125797201669,119,False,124,24.124513618677042
562,Cable de Red Nova Prime,Redes,291347.7,38,0.22880193150494063,79.28005990352163,120,False,124,24.124513618677042
96,Laptop Lumen Fury,Computadoras,287914.27,20,0.22610558135119993,79.50616548487284,121,False,124,24.124513618677042
194,Smartphone Helix SE Lite,Smartphones,287299.36,8,0.22562267863495497,79.73178816350779,122,False,124,24.124513618677042
8,Workstation Nova Ultra,Computadoras,281739.54,5,0.22125642637066803,79.95304458987846,123,False,124,24.124513618677042
352,Monitor Vertex Pro,Monitores,275043.04,16,0.21599751362029163,80.16904210349875,124,True,124,24.124513618677042
566,Adaptador WiFi Nova Plus,Redes,273527.24,35,0.21480712163238444,80.38384922513114,125,True,124,24.124513618677042
595,Access Point Auric Mini,Redes,269880.08,20,0.21194292448063912,80.59579214961178,126,True,124,24.124513618677042
13,Workstation Nova GT,Computadoras,264735.36,12,0.20790265962510016,80.80369480923689,127,True,124,24.124513618677042
86,Laptop Lumen Plus,Computadoras,259375.55,7,0.20369347973282886,81.00738828896972,128,True,124,24.124513618677042
92,Desktop Lumen Pro,Computadoras,258271.28,9,0.2028262715520093,81.21021456052173,129,True,124,24.124513618677042
356,Monitor Portatil Vertex Fury,Monitores,251512.99,24,0.19751883371855283,81.40773339424028,130,True,124,24.124513618677042
196,Tablet Helix Fury,Smartphones,238588.0,36,0.18736854704499392,81.59510194128528,131,True,124,24.124513618677042
371,Monitor Portatil Lumen Zen,Monitores,234410.09,10,0.1840875399265104,81.77918948121179,132,True,124,24.124513618677042
40,All-in-One Auric One,Computadoras,231676.27,7,0.181940609312722,81.9611300905245,133,True,124,24.124513618677042
181,Tablet Helix Neo,Smartphones,230845.89,10,0.18128849313715903,82.14241858366167,134,True,124,24.124513618677042
344,Monitor Ultrawide Vertex Air,Monitores,229887.29,27,0.18053568289859995,82.32295426656026,135,True,124,24.124513618677042
174,Smartphone Quartz SE Lite,Smartphones,223590.66999999998,20,0.17559080494709167,82.49854507150735,136,True,124,24.124513618677042
77,Desktop Vertex Pulse,Computadoras,222946.08000000002,13,0.1750845938562584,82.6736296653636,137,True,124,24.124513618677042
166,Tablet Quartz Plus,Smartphones,216842.53999999998,24,0.17029134599118972,82.8439210113548,138,True,124,24.124513618677042
131,Tablet Orbit Zen,Smartphones,211679.12,8,0.16623639560314396,83.01015740695794,139,True,124,24.124513618677042
354,Monitor Ultrawide Vertex SE,Monitores,210816.75,26,0.16555915695780057,83.17571656391574,140,True,124,24.124513618677042
402,Monitor Orbit Prime,Monitores,208417.63,41,0.16367507381620675,83.33939163773195,141,True,124,24.124513618677042
475,Teclado Mecanico Helix Mini,Accesorios,206253.19,81,0.16197529018096077,83.50136692791291,142,True,124,24.124513618677042
607,Cable de Red Kortex Lite,Redes,205315.69,22,0.161239050249134,83.66260597816205,143,True,124,24.124513618677042
119,Smartphone Zylo Vertex Lite,Smartphones,202894.36000000002,35,0.15933752509272864,83.82194350325477,144,True,124,24.124513618677042
208,Foldable Cobalto Ultra,Smartphones,198127.88,54,0.15559430065512478,83.9775378039099,145,True,124,24.124513618677042
340,Monitor 4K Kortex One,Monitores,194428.24,18,0.152688889773649,84.13022669368354,146,True,124,24.124513618677042
315,Monitor 4K Auric Mini,Monitores,190832.72,17,0.14986524668065515,84.2800919403642,147,True,124,24.124513618677042
48,Workstation Kortex Ultra,Computadoras,187414.86000000002,6,0.14718112399970223,84.4272730643639,148,True,124,24.124513618677042
103,Workstation Zylo Elite,Computadoras,186107.43,11,0.14615436968069606,84.5734274340446,149,True,124,24.124513618677042
529,Switch Praxis Core,Redes,185555.2,75,0.14572069098463986,84.71914812502925,150,True,124,24.124513618677042
280,Bocina Bluetooth Onyx One,Audio,183940.68,36,0.14445277195025807,84.8636008969795,151,True,124,24.124513618677042
156,Tablet Nimbus Fury,Smartphones,182236.9,5,0.14311475502114043,85.00671565200065,152,True,124,24.124513618677042
22,Desktop Auric Prime,Computadoras,180457.19,13,0.14171710854746428,85.14843276054812,153,True,124,24.124513618677042
407,Monitor Orbit Lite,Monitores,179844.68,10,0.14123609060544487,85.28966885115356,154,True,124,24.124513618677042
128,Foldable Orbit Ultra,Smartphones,175696.98,6,0.13797880808252452,85.42764765923609,155,True,124,24.124513618677042
125,Smartphone Orbit Max,Smartphones,170486.88999999998,30,0.13388720668901916,85.56153486592511,156,True,124,24.124513618677042
568,Router Nova Ultra,Redes,167153.05000000002,23,0.13126906681240977,85.69280393273752,157,True,124,24.124513618677042
76,Laptop Vertex Fury,Computadoras,166187.9,9,0.13051111271086033,85.82331504544838,158,True,124,24.124513618677042
112,Smartphone Zylo Pro Pro,Smartphones,164625.97999999998,16,0.12928450164492022,85.9525995470933,159,True,124,24.124513618677042
106,Tablet Zylo Plus,Smartphones,160856.76,5,0.12632444801735754,86.07892399511066,160,True,124,24.124513618677042
542,Cable de Red Onyx Prime,Redes,159986.08,22,0.1256406833412584,86.20456467845192,161,True,124,24.124513618677042
184,Smartphone Helix Air Lite,Smartphones,159785.78,11,0.12548338322569053,86.3300480616776,162,True,124,24.124513618677042
331,Monitor Portatil Kortex Zen,Monitores,159197.21,13,0.12502116590657023,86.45506922758418,163,True,124,24.124513618677042
7,Desktop Nova Lite,Computadoras,159005.09,6,0.12487028972982084,86.579939517314,164,True,124,24.124513618677042
238,Microfono Delta Nova,Audio,158394.29,26,0.12439061468943707,86.70433013200343,165,True,124,24.124513618677042
67,Desktop Vertex Lite,Computadoras,158356.99,10,0.12436132215668277,86.82869145416012,166,True,124,24.124513618677042
137,Smartphone Orbit Pulse Pro,Smartphones,157584.55,4,0.12375470757221316,86.95244616173234,167,True,124,24.124513618677042
72,Desktop Vertex Pro,Computadoras,155001.12,8,0.1217258816233287,87.07417204335567,168,True,124,24.124513618677042
209,Audifonos Cobalto Core,Audio,152180.56,30,0.1195108321277412,87.19368287548342,169,True,124,24.124513618677042
133,Foldable Orbit GT,Smartphones,147991.34,7,0.11622094301072011,87.30990381849413,170,True,124,24.124513618677042
56,Laptop Kortex Fury,Computadoras,147006.88,8,0.11544782432988153,87.42535164282401,171,True,124,24.124513618677042
173,Foldable Quartz GT,Smartphones,146550.47,11,0.11508939524477747,87.54044103806879,172,True,124,24.124513618677042
60,All-in-One Kortex One,Computadoras,145388.19,3,0.11417663050028298,87.65461766856907,173,True,124,24.124513618677042
124,Smartphone Orbit Air Lite,Smartphones,145050.48,4,0.11391141920708062,87.76852908777616,174,True,124,24.124513618677042
319,Monitor Ultrawide Auric Vertex,Monitores,143930.79,39,0.11303210135186238,87.88156118912802,175,True,124,24.124513618677042
57,Desktop Kortex Pulse,Computadoras,142855.04,8,0.11218729057142225,87.99374847969945,176,True,124,24.124513618677042
388,Monitor Gamer Zylo Ultra,Monitores,140669.59,25,0.11047100730847739,88.10421948700792,177,True,124,24.124513618677042
89,Mini PC Lumen Core,Computadoras,140201.2,6,0.11010317005869785,88.21432265706662,178,True,124,24.124513618677042
600,Access Point Auric One,Redes,139367.02000000002,10,0.10944806965727788,88.3237707267239,179,True,124,24.124513618677042
80,All-in-One Vertex One,Computadoras,138684.27,11,0.10891189065625947,88.43268261738015,180,True,124,24.124513618677042
117,Smartphone Zylo Pulse Pro,Smartphones,138487.41,5,0.10875729205041479,88.54143990943057,181,True,124,24.124513618677042
171,Tablet Quartz Zen,Smartphones,133823.08000000002,29,0.10509428831578281,88.64653419774635,182,True,124,24.124513618677042
50,All-in-One Kortex Edge,Computadoras,132417.12,6,0.1039901561615949,88.75052435390795,183,True,124,24.124513618677042
604,Switch Kortex Air,Redes,132171.37,26,0.10379716313413205,88.85432151704208,184,True,124,24.124513618677042
175,Smartphone Quartz Mini,Smartphones,131190.74,19,0.10302705223882828,88.95734856928091,185,True,124,24.124513618677042
296,Auriculares Gaming Nova Fury,Audio,129125.63,60,0.10140527469683924,89.05875384397775,186,True,124,24.124513618677042
552,Cable de Red Onyx Pro,Redes,129107.06,21,0.1013906912562696,89.16014453523402,187,True,124,24.124513618677042
37,Desktop Auric Pulse,Computadoras,128047.05,8,0.10055824145345821,89.26070277668748,188,True,124,24.124513618677042
573,Router Nova GT,Redes,127248.68,49,0.09993126345412752,89.3606340401416,189,True,124,24.124513618677042
598,Router Auric Nova,Redes,126687.86,39,0.0994908388369893,89.46012487897859,190,True,124,24.124513618677042
418,Webcam Orbit Nova,Accesorios,125412.56,49,0.09848931693292673,89.55861419591152,191,True,124,24.124513618677042
601,Adaptador WiFi Kortex Neo,Redes,123292.67,47,0.09682451941924117,89.65543871533076,192,True,124,24.124513618677042
349,Monitor Ultrawide Vertex Core,Monitores,123282.4,15,0.09681645415620131,89.75225516948696,193,True,124,24.124513618677042
588,Router Auric Ultra,Redes,122794.73000000001,11,0.09643347588681044,89.84868864537377,194,True,124,24.124513618677042
342,Monitor Vertex Prime,Monitores,122306.72,16,0.0960502306077376,89.94473887598151,195,True,124,24.124513618677042
437,Mousepad Nimbus Pulse,Accesorios,120306.09,56,0.09447909066660633,90.03921796664812,196,True,124,24.124513618677042
43,Workstation Kortex Elite,Computadoras,117862.64,9,0.09256019417442278,90.13177816082255,197,True,124,24.124513618677042
515,Teclado Mecanico Delta Mini,Accesorios,115798.19,35,0.09093893494534572,90.22271709576789,198,True,124,24.124513618677042
327,Monitor Kortex Lite,Monitores,113683.23,8,0.08927800907204832,90.31199510483994,199,True,124,24.124513618677042
180,Smartphone Quartz One,Smartphones,113656.22,4,0.08925679750878578,90.40125190234872,200,True,124,24.124513618677042
263,Microfono Onyx Elite,Audio,113593.4,20,0.08920746354343391,90.49045936589215,201,True,124,24.124513618677042
53,Workstation Kortex GT,Computadoras,113586.41,7,0.08920197413850223,90.57966134003065,202,True,124,24.124513618677042
271,Auriculares Gaming Onyx Zen,Audio,111894.83,15,0.08787353814503075,90.66753487817569,203,True,124,24.124513618677042
348,Monitor Gamer Vertex Ultra,Monitores,109210.0,5,0.0857650804851199,90.7532999586608,204,True,124,24.124513618677042
144,Smartphone Nimbus Air Lite,Smartphones,109030.34,8,0.0856239894278911,90.83892394808869,205,True,124,24.124513618677042
317,Monitor Auric Pulse,Monitores,108940.45000000001,23,0.08555339677992108,90.9244773448686,206,True,124,24.124513618677042
281,Auriculares Gaming Nova Neo,Audio,108751.87000000001,38,0.08540530064515427,91.00988264551376,207,True,124,24.124513618677042
321,Monitor Portatil Kortex Neo,Monitores,105708.52,38,0.08301528912886098,91.09289793464262,208,True,124,24.124513618677042
292,Barra de Sonido Nova Pro,Audio,105060.25,24,0.08250618805088195,91.17540412269351,209,True,124,24.124513618677042
167,Smartphone Quartz Lite Pro,Smartphones,104951.73000000001,23,0.08242096484298667,91.25782508753649,210,True,124,24.124513618677042
322,Monitor Kortex Prime,Monitores,104471.61,18,0.08204391575918007,91.33986900329568,211,True,124,24.124513618677042
111,Tablet Zylo Zen,Smartphones,103329.51999999999,15,0.08114700667785739,91.42101600997353,212,True,124,24.124513618677042
272,Barra de Sonido Onyx Pro,Audio,103145.29,21,0.08100232669637425,91.5020183366699,213,True,124,24.124513618677042
372,Monitor Lumen Pro,Monitores,100876.6,14,0.07922067318070915,91.58123900985062,214,True,124,24.124513618677042
531,Adaptador WiFi Praxis Zen,Redes,100173.42,42,0.07866845003909641,91.65990745988972,215,True,124,24.124513618677042
154,Smartphone Nimbus SE Lite,Smartphones,99142.7,5,0.07785900233506178,91.73776646222478,216,True,124,24.124513618677042
558,Router Onyx Nova,Redes,98661.51,41,0.07748111295607966,91.81524757518086,217,True,124,24.124513618677042
339,Monitor Ultrawide Kortex Vertex,Monitores,98632.18,5,0.07745807944439916,91.89270565462526,218,True,124,24.124513618677042
396,Monitor Portatil Zylo Fury,Monitores,96731.8,20,0.07596566809331125,91.96867132271858,219,True,124,24.124513618677042
129,Smartphone Orbit Core Lite,Smartphones,96574.32,4,0.07584199549121623,92.0445133182098,220,True,124,24.124513618677042
199,Smartphone Helix Vertex Lite,Smartphones,95868.7,4,0.07528785616247426,92.11980117437227,221,True,124,24.124513618677042
164,Smartphone Quartz Air Lite,Smartphones,95662.12,7,0.07512562422101636,92.19492679859329,222,True,124,24.124513618677042
517,Mousepad Delta Pulse,Accesorios,95140.64,34,0.07471609419472408,92.26964289278801,223,True,124,24.124513618677042
242,Barra de Sonido Praxis Prime,Audio,94975.25,98,0.07458620969091094,92.34422910247892,224,True,124,24.124513618677042
224,Audifonos Delta Air,Audio,94904.91,31,0.0745309700996526,92.41876007257858,225,True,124,24.124513618677042
274,Audifonos Onyx SE,Audio,94263.08,17,0.07402692649917861,92.49278699907775,226,True,124,24.124513618677042
428,Webcam Nimbus Ultra,Accesorios,93723.76,24,0.07360338631781027,92.56639038539556,227,True,124,24.124513618677042
318,Monitor Gamer Auric Nova,Monitores,92849.42000000001,35,0.07291674736101733,92.63930713275658,228,True,124,24.124513618677042
560,Access Point Onyx One,Redes,91701.95999999999,20,0.07201562109736512,92.71132275385395,229,True,124,24.124513618677042
33,Workstation Auric GT,Computadoras,91066.18,2,0.07151632869858453,92.78283908255253,230,True,124,24.124513618677042
138,Foldable Orbit Nova,Smartphones,91037.05,13,0.0714934522514228,92.85433253480394,231,True,124,24.124513618677042
255,Bocina Bluetooth Praxis Mini,Audio,90074.56999999999,10,0.07073759496119922,92.92507012976515,232,True,124,24.124513618677042
158,Foldable Nimbus Nova,Smartphones,89078.11,21,0.06995505240923325,92.99502518217437,233,True,124,24.124513618677042
97,Desktop Lumen Pulse,Computadoras,88694.76,2,0.06965399899284308,93.06467918116722,234,True,124,24.124513618677042
185,Smartphone Helix Max,Smartphones,88476.08,8,0.0694822646479984,93.13416144581522,235,True,124,24.124513618677042
105,Smartphone Zylo Max,Smartphones,87065.61,18,0.06837459068891182,93.20253603650414,236,True,124,24.124513618677042
381,Monitor Portatil Zylo Neo,Monitores,86619.65,23,0.06802436822491453,93.27056040472905,237,True,124,24.124513618677042
453,Webcam Quartz GT,Accesorios,86316.68,48,0.06778643903862594,93.33834684376768,238,True,124,24.124513618677042
253,Microfono Praxis GT,Audio,85167.3,18,0.06688380495559337,93.40523064872328,239,True,124,24.124513618677042
497,Mousepad Cobalto Pulse,Accesorios,84236.95,41,0.06615318008031335,93.4713838288036,240,True,124,24.124513618677042
549,Switch Onyx Core,Redes,83567.39,24,0.06562735948430916,93.5370111882879,241,True,124,24.124513618677042
424,Hub USB-C Nimbus Air,Accesorios,83297.14,42,0.06541512605329457,93.6024263143412,242,True,124,24.124513618677042
330,Monitor 4K Kortex Edge,Monitores,82695.84,11,0.06494291157755332,93.66736922591876,243,True,124,24.124513618677042
226,Auriculares Gaming Delta Plus,Audio,82694.72,21,0.06494203201624808,93.73231125793501,244,True,124,24.124513618677042
150,Smartphone Nimbus Edge,Smartphones,82148.15,19,0.06451279824607363,93.79682405618108,245,True,124,24.124513618677042
441,Mouse Quartz Neo,Accesorios,81773.72,33,0.06421874990722148,93.8610428060883,246,True,124,24.124513618677042
168,Foldable Quartz Ultra,Smartphones,81051.32,7,0.06365143286535307,93.92469423895366,247,True,124,24.124513618677042
195,Smartphone Helix Mini,Smartphones,80285.29000000001,15,0.06304985219871068,93.98774409115238,248,True,124,24.124513618677042
366,Monitor Portatil Lumen Plus,Monitores,79844.23999999999,16,0.06270348566864965,94.05044757682103,249,True,124,24.124513618677042
247,Barra de Sonido Praxis Lite,Audio,79575.79000000001,25,0.062492665818304184,94.11294024263933,250,True,124,24.124513618677042
146,Tablet Nimbus Plus,Smartphones,79421.55,11,0.062371537661413554,94.17531178030075,251,True,124,24.124513618677042
218,Microfono Cobalto Nova,Audio,79405.93000000001,33,0.06235927092249608,94.23767105122324,252,True,124,24.124513618677042
169,Smartphone Quartz Core Lite,Smartphones,79315.69,17,0.06228840341161816,94.29995945463486,253,True,124,24.124513618677042
323,Monitor Gamer Kortex Elite,Monitores,78502.03,32,0.06164941782982599,94.36160887246469,254,True,124,24.124513618677042
574,Switch Nova SE,Redes,77491.54,7,0.06085585720186693,94.42246472966656,255,True,124,24.124513618677042
188,Foldable Helix Ultra,Smartphones,77079.8,12,0.06053250847703457,94.4829972381436,256,True,124,24.124513618677042
384,Monitor Ultrawide Zylo Air,Monitores,76776.84,7,0.060294587143971914,94.54329182528757,257,True,124,24.124513618677042
17,Desktop Nova Pulse,Computadoras,75940.0,5,0.05963739778445202,94.60292922307202,258,True,124,24.124513618677042
602,Cable de Red Kortex Prime,Redes,75868.47,9,0.05958122365930688,94.66251044673133,259,True,124,24.124513618677042
482,Mousepad Cobalto Prime,Accesorios,75149.24,63,0.05901639609006128,94.72152684282139,260,True,124,24.124513618677042
434,Hub USB-C Nimbus SE,Accesorios,73495.94,30,0.05771802224548615,94.77924486506687,261,True,124,24.124513618677042
346,Monitor Portatil Vertex Plus,Monitores,73484.93,9,0.057709375843726776,94.8369542409106,262,True,124,24.124513618677042
295,Bocina Bluetooth Nova Mini,Audio,72704.58,33,0.05709654935753904,94.89405079026814,263,True,124,24.124513618677042
183,Foldable Helix Elite,Smartphones,72416.1,8,0.05686999949563677,94.95092078976377,264,True,124,24.124513618677042
329,Monitor Ultrawide Kortex Core,Monitores,71822.36,26,0.05640372205870576,95.00732451182247,265,True,124,24.124513618677042
584,Switch Auric Air,Redes,71732.4,5,0.05633307443815414,95.06365758626063,266,True,124,24.124513618677042
411,Monitor Portatil Orbit Zen,Monitores,70784.63,3,0.05558876924328755,95.11924635550392,267,True,124,24.124513618677042
592,Cable de Red Auric Pro,Redes,70524.58,41,0.05538454610273122,95.17463090160665,268,True,124,24.124513618677042
370,Monitor 4K Lumen Edge,Monitores,69596.91,8,0.05465602589200299,95.22928692749865,269,True,124,24.124513618677042
100,All-in-One Lumen One,Computadoras,69585.21,4,0.054646837617653786,95.2839337651163,270,True,124,24.124513618677042
577,Cable de Red Nova Pulse,Redes,69363.48,10,0.05447270803889757,95.3384064731552,271,True,124,24.124513618677042
382,Monitor Zylo Prime,Monitores,68177.73999999999,28,0.05354151962634903,95.39194799278155,272,True,124,24.124513618677042
395,Monitor 4K Zylo Mini,Monitores,67247.81,6,0.05281122458655847,95.44475921736812,273,True,124,24.124513618677042
546,Adaptador WiFi Onyx Plus,Redes,66906.02,27,0.0525428091771728,95.49730202654528,274,True,124,24.124513618677042
211,Auriculares Gaming Cobalto Zen,Audio,66459.1,28,0.05219183280348532,95.54949385934877,275,True,124,24.124513618677042
126,Tablet Orbit Plus,Smartphones,66284.23,11,0.052054503441481534,95.60154836279025,276,True,124,24.124513618677042
307,Barra de Sonido Auric Lite,Audio,63844.75,45,0.05013872467999595,95.65168708747025,277,True,124,24.124513618677042
243,Microfono Praxis Elite,Audio,63517.01,9,0.04988134305305527,95.70156843052331,278,True,124,24.124513618677042
578,Router Nova Nova,Redes,63098.770000000004,12,0.04955288973136224,95.75112132025467,279,True,124,24.124513618677042
400,Monitor 4K Zylo One,Monitores,62813.759999999995,28,0.049329064938860946,95.80045038519353,280,True,124,24.124513618677042
570,Access Point Nova Edge,Redes,62724.15,29,0.04925869218121723,95.84970907737474,281,True,124,24.124513618677042
490,Teclado Mecanico Cobalto Edge,Accesorios,61813.22,89,0.048543318270711684,95.89825239564546,282,True,124,24.124513618677042
203,Foldable Cobalto Elite,Smartphones,61802.44,7,0.04853485249314892,95.9467872481386,283,True,124,24.124513618677042
365,Monitor 4K Lumen Max,Monitores,61502.2,11,0.04829906723754181,95.99508631537614,284,True,124,24.124513618677042
251,Auriculares Gaming Praxis Zen,Audio,61411.409999999996,24,0.048227767799237216,96.04331408317537,285,True,124,24.124513618677042
413,Monitor Gamer Orbit GT,Monitores,61156.31,14,0.04802743200552095,96.0913415151809,286,True,124,24.124513618677042
240,Bocina Bluetooth Delta One,Audio,60810.33,10,0.047755726094466634,96.13909724127537,287,True,124,24.124513618677042
244,Audifonos Praxis Air,Audio,60710.79,7,0.047677555083464995,96.18677479635883,288,True,124,24.124513618677042
485,Teclado Mecanico Cobalto Max,Accesorios,60426.23,18,0.047454083686131,96.23422888004497,289,True,124,24.124513618677042
267,Barra de Sonido Onyx Lite,Audio,60165.06,8,0.047248980984269454,96.28147786102923,290,True,124,24.124513618677042
178,Foldable Quartz Nova,Smartphones,59727.04,2,0.04690499398166812,96.3283828550109,291,True,124,24.124513618677042
273,Microfono Onyx GT,Audio,59555.240000000005,21,0.04677007556002776,96.37515293057093,292,True,124,24.124513618677042
583,Router Auric Elite,Redes,58829.83,14,0.04620039469715155,96.42135332526809,293,True,124,24.124513618677042
266,Auriculares Gaming Onyx Plus,Audio,58454.6,22,0.045905718100224244,96.46725904336832,294,True,124,24.124513618677042
290,Bocina Bluetooth Nova Edge,Audio,57489.54,16,0.04514783467770827,96.51240687804602,295,True,124,24.124513618677042
599,Switch Auric Vertex,Redes,55177.92,34,0.04333246726308494,96.5557393453091,296,True,124,24.124513618677042
390,Monitor 4K Zylo Edge,Monitores,54930.49,5,0.04313815489366426,96.59887750020278,297,True,124,24.124513618677042
176,Tablet Quartz Fury,Smartphones,54357.21,10,0.04268794515700544,96.64156544535977,298,True,124,24.124513618677042
554,Switch Onyx SE,Redes,53691.8,5,0.042165383649766144,96.68373082900953,299,True,124,24.124513618677042
446,Mouse Quartz Plus,Accesorios,53527.63,17,0.042036457239517606,96.72576728624905,300,True,124,24.124513618677042
294,Audifonos Nova SE,Audio,53287.799999999996,71,0.04184811332181093,96.76761539957086,301,True,124,24.124513618677042
379,Monitor Ultrawide Lumen Vertex,Monitores,53133.28,21,0.041726765274594006,96.80934216484545,302,True,124,24.124513618677042
288,Microfono Nova Ultra,Audio,52387.9,10,0.041141401519516646,96.85048356636496,303,True,124,24.124513618677042
216,Auriculares Gaming Cobalto Fury,Audio,51590.06,35,0.04051483974116074,96.89099840610612,304,True,124,24.124513618677042
134,Smartphone Orbit SE Lite,Smartphones,51251.33,13,0.04024882741891256,96.93124723352503,305,True,124,24.124513618677042
215,Bocina Bluetooth Cobalto Mini,Audio,50606.23,42,0.03974221581355635,96.97098944933859,306,True,124,24.124513618677042
82,Desktop Lumen Prime,Computadoras,48867.27,2,0.0383765712355836,97.00936602057418,307,True,124,24.124513618677042
469,Hub USB-C Helix Core,Accesorios,48351.2,12,0.03797128980452458,97.04733731037871,308,True,124,24.124513618677042
433,Webcam Nimbus GT,Accesorios,48201.1,21,0.0378534128831729,97.08519072326187,309,True,124,24.124513618677042
519,Switch Delta Vertex,Redes,48165.45,22,0.03782541613269864,97.12301613939458,310,True,124,24.124513618677042
332,Monitor Kortex Pro,Monitores,48127.170000000006,3,0.03779535398380229,97.16081149337838,311,True,124,24.124513618677042
525,Access Point Praxis Max,Redes,47748.05,5,0.03749762248198452,97.19830911586035,312,True,124,24.124513618677042
547,Cable de Red Onyx Lite,Redes,47730.22,77,0.03748362018013442,97.2357927360405,313,True,124,24.124513618677042
593,Router Auric GT,Redes,47274.73,22,0.0371259135918168,97.27291864963232,314,True,124,24.124513618677042
571,Adaptador WiFi Nova Zen,Redes,46976.26,9,0.036891518357200975,97.30981016798951,315,True,124,24.124513618677042
309,Audifonos Auric Core,Audio,46875.06,82,0.03681204371069338,97.34662221170021,316,True,124,24.124513618677042
192,Smartphone Helix Pro Pro,Smartphones,46136.28,11,0.03623186308473608,97.38285407478494,317,True,124,24.124513618677042
545,Access Point Onyx Max,Redes,45772.119999999995,4,0.03594588000892378,97.41879995479387,318,True,124,24.124513618677042
521,Adaptador WiFi Praxis Neo,Redes,44712.549999999996,6,0.03511377574805372,97.45391373054193,319,True,124,24.124513618677042
516,Mouse Delta Fury,Accesorios,44344.87,24,0.03482502833671073,97.48873875887864,320,True,124,24.124513618677042
537,Cable de Red Praxis Pulse,Redes,44124.58,22,0.03465202962248981,97.52339078850113,321,True,124,24.124513618677042
474,Hub USB-C Helix SE,Accesorios,43666.92,12,0.03429261888414332,97.55768340738527,322,True,124,24.124513618677042
234,Audifonos Delta SE,Audio,43655.46,42,0.034283619087216666,97.59196702647249,323,True,124,24.124513618677042
520,Access Point Delta One,Redes,43377.39,13,0.0340652444335174,97.62603227090601,324,True,124,24.124513618677042
496,Mouse Cobalto Fury,Accesorios,42840.14,23,0.033643329869918547,97.65967560077593,325,True,124,24.124513618677042
132,Smartphone Orbit Pro Pro,Smartphones,42767.6,8,0.03358636256895352,97.69326196334488,326,True,124,24.124513618677042
378,Monitor Gamer Lumen Nova,Monitores,42348.4,5,0.033257155337570295,97.72651911868245,327,True,124,24.124513618677042
261,Auriculares Gaming Onyx Neo,Audio,41507.16,6,0.03259651055863703,97.75911562924108,328,True,124,24.124513618677042
157,Smartphone Nimbus Pulse Pro,Smartphones,41304.48,3,0.03243734137529553,97.79155297061638,329,True,124,24.124513618677042
406,Monitor Portatil Orbit Plus,Monitores,40805.7,6,0.032045638171885875,97.82359860878826,330,True,124,24.124513618677042
136,Tablet Orbit Fury,Smartphones,40448.44,2,0.03176507382197183,97.85536368261023,331,True,124,24.124513618677042
534,Switch Praxis SE,Redes,39949.71,14,0.031373409884691866,97.88673709249493,332,True,124,24.124513618677042
122,Smartphone Orbit Prime Pro,Smartphones,39643.38,9,0.031132842014487613,97.91786993450941,333,True,124,24.124513618677042
230,Bocina Bluetooth Delta Edge,Audio,39160.729999999996,17,0.030753806064518347,97.94862374057394,334,True,124,24.124513618677042
505,Teclado Mecanico Delta Max,Accesorios,38794.13,29,0.03046590680157682,97.97908964737552,335,True,124,24.124513618677042
494,Hub USB-C Cobalto SE,Accesorios,38577.6,16,0.030295860900309144,98.00938550827583,336,True,124,24.124513618677042
499,Hub USB-C Cobalto Vertex,Accesorios,37886.32,41,0.029752983097564398,98.0391384913734,337,True,124,24.124513618677042
219,Audifonos Cobalto Vertex,Audio,37849.42,95,0.029724004693847693,98.06886249606724,338,True,124,24.124513618677042
594,Switch Auric SE,Redes,37730.51,22,0.029630621984201272,98.09849311805144,339,True,124,24.124513618677042
341,Monitor Portatil Vertex Neo,Monitores,37676.979999999996,9,0.029588583665747206,98.12808170171718,340,True,124,24.124513618677042
130,Smartphone Orbit Edge,Smartphones,37481.73,3,0.02943524942927876,98.15751695114646,341,True,124,24.124513618677042
393,Monitor Gamer Zylo GT,Monitores,37309.020000000004,17,0.029299616364077904,98.18681656751053,342,True,124,24.124513618677042
270,Bocina Bluetooth Onyx Edge,Audio,37224.72,43,0.029233413669408043,98.21604998117994,343,True,124,24.124513618677042
228,Microfono Delta Ultra,Audio,37113.119999999995,27,0.02914577166792338,98.24519575284786,344,True,124,24.124513618677042
217,Barra de Sonido Cobalto Pulse,Audio,36436.53,14,0.028614430254083743,98.27381018310194,345,True,124,24.124513618677042
297,Barra de Sonido Nova Pulse,Audio,36141.17,11,0.028382477372735103,98.30219266047467,346,True,124,24.124513618677042
500,Teclado Mecanico Cobalto One,Accesorios,36112.39000000001,16,0.028359875788481273,98.33055253626316,347,True,124,24.124513618677042
377,Monitor Lumen Pulse,Monitores,36027.399999999994,10,0.028293131221221575,98.35884566748437,348,True,124,24.124513618677042
375,Monitor 4K Lumen Mini,Monitores,35183.82,7,0.02763064878741847,98.3864763162718,349,True,124,24.124513618677042
467,Mousepad Helix Lite,Accesorios,34350.34,41,0.026976098111814242,98.41345241438361,350,True,124,24.124513618677042
367,Monitor Lumen Lite,Monitores,34194.6,15,0.026853791971032694,98.44030620635465,351,True,124,24.124513618677042
461,Mouse Helix Neo,Accesorios,33062.45,11,0.025964688996293856,98.46627089535095,352,True,124,24.124513618677042
487,Mousepad Cobalto Lite,Accesorios,32594.97,29,0.025597566390074798,98.49186846174102,353,True,124,24.124513618677042
300,Bocina Bluetooth Nova One,Audio,32437.16,20,0.025473634631523776,98.51734209637254,354,True,124,24.124513618677042
557,Cable de Red Onyx Pulse,Redes,31532.93,46,0.02476352238239769,98.54210561875495,355,True,124,24.124513618677042
582,Cable de Red Auric Prime,Redes,30954.09,6,0.02430894625211652,98.56641456500707,356,True,124,24.124513618677042
465,Teclado Mecanico Helix Max,Accesorios,30821.559999999998,22,0.024204867448740515,98.59061943245581,357,True,124,24.124513618677042
310,Bocina Bluetooth Auric Edge,Audio,30575.93,7,0.02401196865998894,98.6146314011158,358,True,124,24.124513618677042
159,Smartphone Nimbus Vertex Lite,Smartphones,30186.02,8,0.023705763527382465,98.63833716464319,359,True,124,24.124513618677042
590,Access Point Auric Edge,Redes,29568.2,14,0.023220575522389177,98.66155774016558,360,True,124,24.124513618677042
198,Foldable Helix Nova,Smartphones,29065.22,2,0.022825573964084942,98.68438331412966,361,True,124,24.124513618677042
278,Microfono Onyx Nova,Audio,26747.0,14,0.02100502342034156,98.70538833755,362,True,124,24.124513618677042
235,Bocina Bluetooth Delta Mini,Audio,26590.77,24,0.02088233247148898,98.72627067002149,363,True,124,24.124513618677042
535,Access Point Praxis Mini,Redes,26520.84,12,0.020827414862494162,98.74709808488399,364,True,124,24.124513618677042
572,Cable de Red Nova Pro,Redes,26383.58,41,0.020719621483248785,98.76781770636724,365,True,124,24.124513618677042
502,Mousepad Delta Prime,Accesorios,25585.46,22,0.020092839814566575,98.7879105461818,366,True,124,24.124513618677042
210,Bocina Bluetooth Cobalto Edge,Audio,25545.62,16,0.020061552562423663,98.80797209874423,367,True,124,24.124513618677042
172,Smartphone Quartz Pro Pro,Smartphones,25114.98,7,0.019723361240565666,98.8276954599848,368,True,124,24.124513618677042
239,Audifonos Delta Vertex,Audio,24959.76,4,0.019601463467532974,98.84729692345233,369,True,124,24.124513618677042
448,Webcam Quartz Ultra,Accesorios,24762.31,18,0.019446401521357837,98.8667433249737,370,True,124,24.124513618677042
135,Smartphone Orbit Mini,Smartphones,24698.37,3,0.019396187994700765,98.8861395129684,371,True,124,24.124513618677042
462,Mousepad Helix Prime,Accesorios,23861.63,43,0.018739077167440266,98.90487859013584,372,True,124,24.124513618677042
548,Router Onyx Ultra,Redes,23075.03,21,0.018121342415040344,98.92299993255088,373,True,124,24.124513618677042
257,Barra de Sonido Praxis Pulse,Audio,22628.07,9,0.017770334628449107,98.94077026717933,374,True,124,24.124513618677042
256,Auriculares Gaming Praxis Fury,Audio,22481.2,22,0.017654994299075886,98.95842526147841,375,True,124,24.124513618677042
221,Auriculares Gaming Delta Neo,Audio,22451.93,13,0.017632007906751013,98.97605726938517,376,True,124,24.124513618677042
269,Audifonos Onyx Core,Audio,22037.92,5,0.017306876499630378,98.9933641458848,377,True,124,24.124513618677042
374,Monitor Ultrawide Lumen SE,Monitores,22016.61,1,0.017290141275153336,99.01065428715995,378,True,124,24.124513618677042
533,Router Praxis GT,Redes,21923.57,11,0.01721707486101236,99.02787136202096,379,True,124,24.124513618677042
301,Auriculares Gaming Auric Neo,Audio,21733.02,24,0.01706743164073547,99.0449387936617,380,True,124,24.124513618677042
351,Monitor Portatil Vertex Zen,Monitores,21450.29,10,0.0168453973837484,99.06178419104545,381,True,124,24.124513618677042
220,Bocina Bluetooth Cobalto One,Audio,20832.47,5,0.01636020937875511,99.07814440042421,382,True,124,24.124513618677042
338,Monitor Gamer Kortex Nova,Monitores,20328.0,8,0.015964037689785892,99.09410843811399,383,True,124,24.124513618677042
442,Mousepad Quartz Prime,Accesorios,19964.55,25,0.015678612193015293,99.109787050307,384,True,124,24.124513618677042
345,Monitor 4K Vertex Max,Monitores,19603.99,7,0.015395456278541211,99.12518250658555,385,True,124,24.124513618677042
415,Teclado Mecanico Orbit Mini,Accesorios,19434.83,14,0.015262611108548875,99.1404451176941,386,True,124,24.124513618677042
233,Microfono Delta GT,Audio,19277.47,17,0.015139032745165135,99.15558415043927,387,True,124,24.124513618677042
299,Audifonos Nova Vertex,Audio,19208.57,12,0.015084924018442079,99.1706690744577,388,True,124,24.124513618677042
510,Teclado Mecanico Delta Edge,Accesorios,18989.54,63,0.01491291481068953,99.1855819892684,389,True,124,24.124513618677042
425,Teclado Mecanico Nimbus Max,Accesorios,18805.53,16,0.014768407600177062,99.20035039686857,390,True,124,24.124513618677042
551,Adaptador WiFi Onyx Zen,Redes,18606.62,2,0.014612199083014756,99.21496259595159,391,True,124,24.124513618677042
565,Access Point Nova Max,Redes,18420.72,8,0.014466207612799724,99.22942880356439,392,True,124,24.124513618677042
258,Microfono Praxis Nova,Audio,17917.44,3,0.0140709704577173,99.24349977402211,393,True,124,24.124513618677042
302,Barra de Sonido Auric Prime,Audio,17167.62,6,0.013482119870322808,99.25698189389243,394,True,124,24.124513618677042
444,Hub USB-C Quartz Air,Accesorios,17081.89,44,0.013414794164343602,99.27039668805678,395,True,124,24.124513618677042
445,Teclado Mecanico Quartz Max,Accesorios,17035.09,24,0.013378041066946811,99.28377472912372,396,True,124,24.124513618677042
501,Mouse Delta Neo,Accesorios,16386.91,35,0.012869010668001247,99.29664373979172,397,True,124,24.124513618677042
312,Monitor Auric Pro,Monitores,16033.15,6,0.01259119494716601,99.30923493473888,398,True,124,24.124513618677042
389,Monitor Ultrawide Zylo Core,Monitores,15659.55,5,0.012297798426066835,99.32153273316494,399,True,124,24.124513618677042
430,Teclado Mecanico Nimbus Edge,Accesorios,14992.8,15,0.01177418458655165,99.3333069177515,400,True,124,24.124513618677042
358,Monitor Gamer Vertex Nova,Monitores,14852.1,6,0.01166368969758309,99.34497060744908,401,True,124,24.124513618677042
287,Barra de Sonido Nova Lite,Audio,14654.57,9,0.011508564925600435,99.35647917237469,402,True,124,24.124513618677042
440,Teclado Mecanico Nimbus One,Accesorios,14648.99,11,0.011504182825526203,99.36798335520022,403,True,124,24.124513618677042
435,Teclado Mecanico Nimbus Mini,Accesorios,14484.199999999999,62,0.011374769515269422,99.3793581247155,404,True,124,24.124513618677042
398,Monitor Gamer Zylo Nova,Monitores,14477.93,7,0.011369845542605365,99.3907279702581,405,True,124,24.124513618677042
275,Bocina Bluetooth Onyx Mini,Audio,14254.380000000001,7,0.01119428667672817,99.40192225693482,406,True,124,24.124513618677042
231,Auriculares Gaming Delta Zen,Audio,14194.74,7,0.011147450037225079,99.41306970697205,407,True,124,24.124513618677042
564,Switch Nova Air,Redes,13935.71,1,0.010944027925714587,99.42401373489777,408,True,124,24.124513618677042
410,Monitor 4K Orbit Edge,Monitores,13626.58,5,0.010701261152247277,99.43471499605002,409,True,124,24.124513618677042
569,Switch Nova Core,Redes,13548.3,15,0.010639786099592985,99.44535478214961,410,True,124,24.124513618677042
522,Cable de Red Praxis Prime,Redes,13406.4,9,0.010528348823511688,99.45588313097312,411,True,124,24.124513618677042
575,Access Point Nova Mini,Redes,13313.2,7,0.010455156757755685,99.46633828773088,412,True,124,24.124513618677042
91,Laptop Lumen Zen,Computadoras,13289.45,1,0.010436505346149406,99.47677479307703,413,True,124,24.124513618677042
71,Laptop Vertex Zen,Computadoras,12985.58,1,0.010197869369526262,99.48697266244655,414,True,124,24.124513618677042
606,Adaptador WiFi Kortex Plus,Redes,12697.36,8,0.009971523691498417,99.49694418613805,415,True,124,24.124513618677042
550,Access Point Onyx Edge,Redes,12661.44,1,0.009943314903923785,99.50688750104197,416,True,124,24.124513618677042
201,Tablet Cobalto Neo,Smartphones,12657.76,1,0.009940424916778054,99.51682792595875,417,True,124,24.124513618677042
512,Mousepad Delta Pro,Accesorios,12637.45,10,0.009924475014894959,99.52675240097365,418,True,124,24.124513618677042
449,Hub USB-C Quartz Core,Accesorios,12618.0,6,0.00990920049044266,99.53666160146409,419,True,124,24.124513618677042
385,Monitor 4K Zylo Max,Monitores,12600.0,7,0.009895064683751587,99.54655666614784,420,True,124,24.124513618677042
555,Access Point Onyx Mini,Redes,12028.6,12,0.009446331353569391,99.55600299750141,421,True,124,24.124513618677042
306,Auriculares Gaming Auric Plus,Audio,11836.9,6,0.009295785012309456,99.56529878251372,422,True,124,24.124513618677042
541,Adaptador WiFi Onyx Neo,Redes,11785.41,6,0.009255348751947046,99.57455413126567,423,True,124,24.124513618677042
473,Webcam Helix GT,Accesorios,11729.65,5,0.009211559164108474,99.58376569042979,424,True,124,24.124513618677042
603,Router Kortex Elite,Redes,11717.28,6,0.009201844723621332,99.5929675351534,425,True,124,24.124513618677042
328,Monitor Gamer Kortex Ultra,Monitores,11251.99,1,0.008836441973883016,99.60180397712729,426,True,124,24.124513618677042
376,Monitor Portatil Lumen Fury,Monitores,11234.35,5,0.008822588883325764,99.61062656601061,427,True,124,24.124513618677042
223,Microfono Delta Elite,Audio,11186.24,20,0.0087848070133309,99.61941137302394,428,True,124,24.124513618677042
259,Audifonos Praxis Vertex,Audio,11184.01,18,0.008783055743946395,99.62819442876788,429,True,124,24.124513618677042
286,Auriculares Gaming Nova Plus,Audio,10702.05,15,0.008404561666566956,99.63659899043445,430,True,124,24.124513618677042
483,Webcam Cobalto Elite,Accesorios,10625.24,4,0.008344241038125769,99.64494323147258,431,True,124,24.124513618677042
591,Adaptador WiFi Auric Zen,Redes,10468.130000000001,13,0.008220859005390517,99.65316409047797,432,True,124,24.124513618677042
471,Mouse Helix Zen,Accesorios,10404.08,17,0.008170559093248111,99.66133464957122,433,True,124,24.124513618677042
451,Mouse Quartz Zen,Accesorios,10205.0,5,0.008014217071244837,99.66934886664247,434,True,124,24.124513618677042
127,Smartphone Orbit Lite Pro,Smartphones,10106.94,2,0.007937208337682243,99.67728607498015,435,True,124,24.124513618677042
246,Auriculares Gaming Praxis Plus,Audio,10102.27,16,0.007933540881168504,99.68521961586131,436,True,124,24.124513618677042
579,Switch Nova Vertex,Redes,10039.17,3,0.00788398702549035,99.69310360288681,437,True,124,24.124513618677042
438,Webcam Nimbus Nova,Accesorios,9949.27,7,0.007813386524294377,99.7009169894111,438,True,124,24.124513618677042
394,Monitor Ultrawide Zylo SE,Monitores,9770.28,4,0.0076728216332035285,99.7085898110443,439,True,124,24.124513618677042
481,Mouse Cobalto Neo,Accesorios,9751.8,3,0.007658308871667358,99.71624811991597,440,True,124,24.124513618677042
476,Mouse Helix Fury,Accesorios,9698.0,20,0.007616058516112927,99.72386417843208,441,True,124,24.124513618677042
291,Auriculares Gaming Nova Zen,Audio,9618.99,22,0.007554010177965053,99.73141818861005,442,True,124,24.124513618677042
200,Smartphone Helix One,Smartphones,9573.14,2,0.007518003137032512,99.73893619174709,443,True,124,24.124513618677042
254,Audifonos Praxis SE,Audio,9415.76,8,0.0073944090671968915,99.74633060081429,444,True,124,24.124513618677042
429,Hub USB-C Nimbus Core,Accesorios,9114.57,23,0.0071578777551255315,99.75348847856941,445,True,124,24.124513618677042
470,Teclado Mecanico Helix Edge,Accesorios,9084.119999999999,15,0.007133964682139797,99.76062244325155,446,True,124,24.124513618677042
459,Hub USB-C Quartz Vertex,Accesorios,8785.0,7,0.006899058987837911,99.76752150223939,447,True,124,24.124513618677042
285,Bocina Bluetooth Nova Max,Audio,8756.46,6,0.006876645881006619,99.7743981481204,448,True,124,24.124513618677042
498,Webcam Cobalto Nova,Accesorios,8487.630000000001,9,0.006665527608075436,99.78106367572848,449,True,124,24.124513618677042
421,Mouse Nimbus Neo,Accesorios,8437.83,10,0.006626418542896797,99.78769009427137,450,True,124,24.124513618677042
495,Teclado Mecanico Cobalto Mini,Accesorios,8304.560000000001,11,0.006521758600801277,99.79421185287217,451,True,124,24.124513618677042
608,Router Kortex Ultra,Redes,8250.0,15,0.006478911400075443,99.80069076427225,452,True,124,24.124513618677042
484,Hub USB-C Cobalto Air,Accesorios,7859.96,16,0.006172604175531756,99.80686336844778,453,True,124,24.124513618677042
450,Teclado Mecanico Quartz Edge,Accesorios,7690.19,26,0.006039279958757112,99.81290264840653,454,True,124,24.124513618677042
454,Hub USB-C Quartz SE,Accesorios,7627.360000000001,23,0.005989938140179326,99.81889258654671,455,True,124,24.124513618677042
336,Monitor Portatil Kortex Fury,Monitores,7627.36,2,0.005989938140179325,99.82488252468688,456,True,124,24.124513618677042
202,Smartphone Cobalto Prime Pro,Smartphones,7429.36,1,0.005834444266577515,99.83071696895347,457,True,124,24.124513618677042
488,Webcam Cobalto Ultra,Accesorios,7199.42,11,0.005653867189324988,99.83637083614279,458,True,124,24.124513618677042
289,Audifonos Nova Core,Audio,7068.53,7,0.005551076315003063,99.84192191245779,459,True,124,24.124513618677042
511,Mouse Delta Zen,Accesorios,6821.68,8,0.005357219432686867,99.84727913189047,460,True,124,24.124513618677042
556,Adaptador WiFi Onyx Fury,Redes,6757.0599999999995,8,0.005306471886665912,99.85258560377714,461,True,124,24.124513618677042
265,Bocina Bluetooth Onyx Max,Audio,6739.28,9,0.005292508850945506,99.85787811262809,462,True,124,24.124513618677042
276,Auriculares Gaming Onyx Fury,Audio,6476.01,14,0.005085756971636675,99.86296386959972,463,True,124,24.124513618677042
237,Barra de Sonido Delta Pulse,Audio,6272.55,7,0.004925975236671906,99.8678898448364,464,True,124,24.124513618677042
493,Webcam Cobalto GT,Accesorios,6157.55,10,0.004835663138367824,99.87272550797476,465,True,124,24.124513618677042
587,Cable de Red Auric Lite,Redes,6062.64,1,0.004761128170976168,99.87748663614573,466,True,124,24.124513618677042
311,Auriculares Gaming Auric Zen,Audio,5943.36,8,0.004667454891969986,99.8821540910377,467,True,124,24.124513618677042
492,Mousepad Cobalto Pro,Accesorios,5878.969999999999,2,0.004616887970145639,99.88677097900785,468,True,124,24.124513618677042
456,Mouse Quartz Fury,Accesorios,5816.0,6,0.0045674362064047,99.89133841521425,469,True,124,24.124513618677042
304,Audifonos Auric Air,Audio,5705.64,12,0.0044807680049365394,99.89581918321919,470,True,124,24.124513618677042
284,Audifonos Nova Air,Audio,5632.0,8,0.00442293684911817,99.90024212006831,471,True,124,24.124513618677042
241,Auriculares Gaming Praxis Neo,Audio,5453.3099999999995,13,0.004282607554805504,99.90452472762311,472,True,124,24.124513618677042
416,Mouse Orbit Fury,Accesorios,5415.2,10,0.004252678910750126,99.90877740653386,473,True,124,24.124513618677042
432,Mousepad Nimbus Pro,Accesorios,5405.28,23,0.004244888510618156,99.91302229504447,474,True,124,24.124513618677042
182,Smartphone Helix Prime Pro,Smartphones,5269.41,1,0.004138186729778368,99.91716048177425,475,True,124,24.124513618677042
260,Bocina Bluetooth Praxis One,Audio,5083.6900000000005,8,0.003992336617630246,99.92115281839187,476,True,124,24.124513618677042
489,Hub USB-C Cobalto Core,Accesorios,4966.51,7,0.0039003125160713566,99.92505313090794,477,True,124,24.124513618677042
262,Barra de Sonido Onyx Prime,Audio,4709.92,8,0.0036988065916901004,99.92875193749963,478,True,124,24.124513618677042
605,Access Point Kortex Max,Redes,4446.72,6,0.0034921096849628453,99.93224404718458,479,True,124,24.124513618677042
426,Mouse Nimbus Plus,Accesorios,4347.88,8,0.0034144883997769718,99.93565853558437,480,True,124,24.124513618677042
431,Mouse Nimbus Zen,Accesorios,4310.1900000000005,17,0.0033848895912110518,99.93904342517558,481,True,124,24.124513618677042
477,Mousepad Helix Pulse,Accesorios,4200.99,23,0.003299132363951871,99.94234255753953,482,True,124,24.124513618677042
308,Microfono Auric Ultra,Audio,4091.22,2,0.0032129275028141397,99.94555548504235,483,True,124,24.124513618677042
458,Webcam Quartz Nova,Accesorios,4036.06,11,0.0031696091085319385,99.94872509415087,484,True,124,24.124513618677042
368,Monitor Gamer Lumen Ultra,Monitores,4009.22,2,0.0031485310501103594,99.95187362520099,485,True,124,24.124513618677042
468,Webcam Helix Ultra,Accesorios,3979.85,11,0.003125466125526091,99.95499909132651,486,True,124,24.124513618677042
567,Cable de Red Nova Lite,Redes,3913.88,4,0.0030736583940033065,99.95807274972051,487,True,124,24.124513618677042
232,Barra de Sonido Delta Pro,Audio,3908.98,6,0.003069810313292958,99.9611425600338,488,True,124,24.124513618677042
212,Barra de Sonido Cobalto Pro,Audio,3839.59,8,0.003015316778498869,99.96415787681231,489,True,124,24.124513618677042
513,Webcam Delta GT,Accesorios,3762.6899999999996,13,0.0029549254710242263,99.96711280228334,490,True,124,24.124513618677042
423,Webcam Nimbus Elite,Accesorios,3513.67,14,0.0027593644386791614,99.96987216672201,491,True,124,24.124513618677042
214,Audifonos Cobalto SE,Audio,3303.04,8,0.0025939519407157806,99.97246611866272,492,True,124,24.124513618677042
447,Mousepad Quartz Lite,Accesorios,3128.16,16,0.0024566147254860603,99.97492273338821,493,True,124,24.124513618677042
597,Cable de Red Auric Pulse,Redes,2943.06,2,0.0023112515133461857,99.97723398490156,494,True,124,24.124513618677042
528,Router Praxis Ultra,Redes,2905.43,2,0.002281699824135902,99.9795156847257,495,True,124,24.124513618677042
464,Hub USB-C Helix Air,Accesorios,2651.76,12,0.0020824870417289767,99.98159817176743,496,True,124,24.124513618677042
509,Hub USB-C Delta Core,Accesorios,2371.82,4,0.001862643834779023,99.98346081560221,497,True,124,24.124513618677042
213,Microfono Cobalto GT,Audio,2234.08,2,0.001754473500688551,99.9852152891029,498,True,124,24.124513618677042
417,Mousepad Orbit Pulse,Accesorios,2111.46,6,0.0016581772442185814,99.98687346634712,499,True,124,24.124513618677042
439,Hub USB-C Nimbus Vertex,Accesorios,1955.37,5,0.0015355962405291539,99.98840906258765,500,True,124,24.124513618677042
427,Mousepad Nimbus Lite,Accesorios,1662.1200000000001,11,0.001305300389853745,99.98971436297751,501,True,124,24.124513618677042
508,Webcam Delta Ultra,Accesorios,1482.1200000000001,9,0.0011639423229430081,99.99087830530046,502,True,124,24.124513618677042
514,Hub USB-C Delta SE,Accesorios,1464.78,6,0.0011503248291639403,99.99202863012962,503,True,124,24.124513618677042
466,Mouse Helix Plus,Accesorios,1424.5,4,0.0011186920350796932,99.9931473221647,504,True,124,24.124513618677042
463,Webcam Helix Elite,Accesorios,1285.68,4,0.0010096735525877572,99.99415699571729,505,True,124,24.124513618677042
420,Teclado Mecanico Orbit One,Accesorios,1257.12,7,0.0009872447393045867,99.9951442404566,506,True,124,24.124513618677042
419,Hub USB-C Orbit Vertex,Accesorios,1120.0,4,0.0008795613052223632,99.99602380176182,507,True,124,24.124513618677042
507,Mousepad Delta Lite,Accesorios,1087.89,2,0.0008543445967306757,99.99687814635855,508,True,124,24.124513618677042
305,Bocina Bluetooth Auric Max,Audio,1008.2,1,0.0007917622392189166,99.99766990859777,509,True,124,24.124513618677042
518,Router Delta Nova,Redes,884.39,1,0.000694531448862148,99.99836444004663,510,True,124,24.124513618677042
229,Audifonos Delta Core,Audio,843.37,1,0.0006623175160583789,99.99902675756269,511,True,124,24.124513618677042
298,Microfono Nova Nova,Audio,705.11,1,0.0005537388142190541,99.99958049637691,512,True,124,24.124513618677042
478,Webcam Helix Nova,Accesorios,339.18,1,0.0002663657174154653,99.99984686209433,513,True,124,24.124513618677042
436,Mouse Nimbus Fury,Accesorios,195.0,1,0.000153137905819965,100.00000000000016,514,True,124,24.124513618677042
